,ano,mês,dia,receita,depositante
0,2016.0,Sep,1.0,565.0,doações e vendas
1,2016.0,Sep,2.0,350.0,doações e vendas
2,2016.0,Sep,5.0,360.0,doações e vendas
3,2016.0,Sep,6.0,140.0,doações e vendas
4,2016.0,Sep,8.0,440.0,doações e vendas
5,2016.0,Sep,9.0,120.0,doações e vendas
6,2016.0,Sep,12.0,510.0,doações e vendas
7,2016.0,Sep,13.0,10.0,doações e vendas
8,2016.0,Sep,14.0,70.0,doações e vendas
9,2016.0,Sep,15.0,100.0,doações e vendas
10,2016.0,Sep,16.0,230.0,doações e vendas
11,2016.0,Sep,19.0,170.0,doações e vendas
12,2016.0,Sep,19.0,216.97,doações e vendas
13,2016.0,Sep,20.0,250.0,doações e vendas
14,2016.0,Sep,20.0,10580.04,projeto Auto Pista Litoral Sul
15,2016.0,Sep,21.0,110.0,doações e vendas
16,2016.0,Sep,22.0,300.0,doações e vendas
17,2016.0,Sep,26.0,120.0,doações e vendas
18,2016.0,Sep,27.0,100.0,doações e vendas
19,2016.0,Sep,28.0,40.0,doações e vendas
20,2016.0,Sep,29.0,865.0,doações e vendas
21,2016.0,Sep,29.0,2000.0,empréstimos e aplicações
22,2016.0,Sep,30.0,110.0,doações e vendas
23,2016.0,Sep,6.0,9499.17,empréstimos e aplicações
24,2016.0,Oct,3.0,260.0,doações e vendas
25,2016.0,Oct,3.0,18000.0,empréstimos e aplicações
26,2016.0,Oct,3.0,32.11,doações e vendas
27,2016.0,Oct,4.0,10.0,doações e vendas
28,2016.0,Oct,4.0,120.0,doações e vendas
29,2016.0,Oct,4.0,728.0,doações e vendas
30,2016.0,Oct,4.0,432.0,doações e vendas
31,2016.0,Oct,5.0,520.0,doações e vendas
32,2016.0,Oct,5.0,1100.0,doações e vendas
33,2016.0,Oct,5.0,60.0,doações e vendas
34,2016.0,Oct,5.0,10580.04,projeto Auto Pista Litoral Sul
35,2016.0,Oct,6.0,100.0,doações e vendas
36,2016.0,Oct,6.0,100.0,doações e vendas
37,2016.0,Oct,7.0,220.0,doações e vendas
38,2016.0,Oct,7.0,30.0,doações e vendas
39,2016.0,Oct,7.0,100.0,doações e vendas
40,2016.0,Oct,7.0,100.0,doações e vendas
41,2016.0,Oct,7.0,280.0,doações e vendas
42,2016.0,Oct,10.0,30.0,doações e vendas
43,2016.0,Oct,10.0,155.65,doações e vendas
44,2016.0,Oct,11.0,300.0,doações e vendas
45,2016.0,Oct,13.0,25.0,doações e vendas
46,2016.0,Oct,13.0,20.0,doações e vendas
47,2016.0,Oct,13.0,50.0,doações e vendas
48,2016.0,Oct,13.0,15.0,doações e vendas
49,2016.0,Oct,13.0,20.0,doações e vendas
50,2016.0,Oct,13.0,20.0,doações e vendas
51,2016.0,Oct,13.0,50.0,doações e vendas
52,2016.0,Oct,14.0,220.0,doações e vendas
53,2016.0,Oct,17.0,100.0,doações e vendas
54,2016.0,Oct,17.0,300.0,doações e vendas
55,2016.0,Oct,17.0,50.0,doações e vendas
56,2016.0,Oct,17.0,159.36,doações e vendas
57,2016.0,Oct,18.0,100.0,doações e vendas
58,2016.0,Oct,18.0,10.0,doações e vendas
59,2016.0,Oct,19.0,20.0,doações e vendas
60,2016.0,Oct,19.0,5.0,doações e vendas
61,2016.0,Oct,19.0,120.0,doações e vendas
62,2016.0,Oct,20.0,150.0,doações e vendas
63,2016.0,Oct,20.0,100.0,doações e vendas
64,2016.0,Oct,21.0,30.0,doações e vendas
65,2016.0,Oct,21.0,30.0,doações e vendas
66,2016.0,Oct,21.0,60.0,doações e vendas
67,2016.0,Oct,24.0,200.0,doações e vendas
68,2016.0,Oct,24.0,150.0,doações e vendas
69,2016.0,Oct,25.0,50.0,doações e vendas
70,2016.0,Oct,25.0,20.0,doações e vendas
71,2016.0,Oct,25.0,40.0,doações e vendas
72,2016.0,Oct,26.0,50.0,doações e vendas
73,2016.0,Oct,31.0,880.0,doações e vendas
74,2016.0,Oct,31.0,20.0,doações e vendas
75,2016.0,Oct,31.0,30.0,doações e vendas
76,2016.0,Oct,31.0,50.0,doações e vendas
77,2016.0,Oct,31.0,100.0,doações e vendas
78,2016.0,Nov,1.0,30.0,doações e vendas
79,2016.0,Nov,1.0,20.0,doações e vendas
80,2016.0,Nov,1.0,8000.0,empréstimos e aplicações
81,2016.0,Nov,3.0,100.0,doações e vendas
82,2016.0,Nov,3.0,50.0,doações e vendas
83,2016.0,Nov,4.0,645.0,doações e vendas
84,2016.0,Nov,7.0,215.0,doações e vendas
85,2016.0,Nov,7.0,840.0,doações e vendas
86,2016.0,Nov,7.0,75687.98,projeto Auto Pista Litoral Sul
87,2016.0,Nov,7.0,122.88,doações e vendas
88,2016.0,Nov,8.0,220.0,doações e vendas
89,2016.0,Nov,8.0,50.0,doações e vendas
90,2016.0,Nov,8.0,20.0,doações e vendas
91,2016.0,Nov,8.0,83.52,doações e vendas
92,2016.0,Nov,8.0,128.75,empréstimos e aplicações
93,2016.0,Nov,9.0,25.0,doações e vendas
94,2016.0,Nov,9.0,100.0,doações e vendas
95,2016.0,Nov,9.0,6053.0,empréstimos e aplicações
96,2016.0,Nov,10.0,50.0,doações e vendas
97,2016.0,Nov,10.0,669.25,empréstimos e aplicações
98,2016.0,Nov,11.0,50.0,empréstimos e aplicações
99,2016.0,Nov,14.0,300.0,doações e vendas
100,2016.0,Nov,14.0,248.11,doações e vendas
101,2016.0,Nov,14.0,20.0,doações e vendas
102,2016.0,Nov,14.0,50.0,doações e vendas
103,2016.0,Nov,14.0,563.77,empréstimos e aplicações
104,2016.0,Nov,16.0,220.0,doações e vendas
105,2016.0,Nov,16.0,50.0,doações e vendas
106,2016.0,Nov,16.0,578.19,doações e vendas
107,2016.0,Nov,17.0,100.0,doações e vendas
108,2016.0,Nov,17.0,100.0,empréstimos e aplicações
109,2016.0,Nov,18.0,25.0,doações e vendas
110,2016.0,Nov,18.0,30.0,doações e vendas
111,2016.0,Nov,18.0,200.0,doações e vendas
112,2016.0,Nov,18.0,100.0,doações e vendas
113,2016.0,Nov,18.0,3175.99,empréstimos e aplicações
114,2016.0,Nov,21.0,1354.75,empréstimos e aplicações
115,2016.0,Nov,22.0,34.0,doações e vendas
116,2016.0,Nov,22.0,60.0,doações e vendas
117,2016.0,Nov,22.0,60.0,doações e vendas
118,2016.0,Nov,22.0,150.0,doações e vendas
119,2016.0,Nov,23.0,2718.31,empréstimos e aplicações
120,2016.0,Nov,24.0,200.0,doações e vendas
121,2016.0,Nov,24.0,1450.01,empréstimos e aplicações
122,2016.0,Nov,25.0,40.0,doações e vendas
123,2016.0,Nov,28.0,360.0,doações e vendas
124,2016.0,Nov,28.0,600.74,empréstimos e aplicações
125,2016.0,Nov,29.0,20.0,doações e vendas
126,2016.0,Nov,29.0,980.0,empréstimos e aplicações
127,2016.0,Nov,30.0,5.0,doações e vendas
128,2016.0,Nov,30.0,100.0,doações e vendas
129,2016.0,Nov,30.0,485.55,empréstimos e aplicações
130,2016.0,Dec,1.0,420.0,doações e vendas
131,2016.0,Dec,1.0,30.0,doações e vendas
132,2016.0,Dec,1.0,200.0,doações e vendas
133,2016.0,Dec,1.0,50.0,doações e vendas
134,2016.0,Dec,1.0,15.0,doações e vendas
135,2016.0,Dec,2.0,464.0,doações e vendas
136,2016.0,Dec,5.0,1000.0,doações e vendas
137,2016.0,Dec,5.0,80.0,doações e vendas
138,2016.0,Dec,5.0,630.0,doações e vendas
139,2016.0,Dec,5.0,20.0,doações e vendas
140,2016.0,Dec,5.0,250.0,doações e vendas
141,2016.0,Dec,5.0,30.0,doações e vendas
142,2016.0,Dec,5.0,10580.04,projeto Auto Pista Litoral Sul
143,2016.0,Dec,6.0,50.0,doações e vendas
144,2016.0,Dec,7.0,100.0,doações e vendas
145,2016.0,Dec,7.0,30.0,doações e vendas
146,2016.0,Dec,9.0,695.0,doações e vendas
147,2016.0,Dec,12.0,50.0,doações e vendas
148,2016.0,Dec,12.0,54.0,doações e vendas
149,2016.0,Dec,12.0,300.0,doações e vendas
150,2016.0,Dec,12.0,100.0,doações e vendas
151,2016.0,Dec,12.0,50.0,doações e vendas
152,2016.0,Dec,12.0,10.0,doações e vendas
153,2016.0,Dec,12.0,10.0,doações e vendas
154,2016.0,Dec,12.0,100.0,doações e vendas
155,2016.0,Dec,12.0,15.0,doações e vendas
156,2016.0,Dec,12.0,100.0,doações e vendas
157,2016.0,Dec,12.0,20.0,doações e vendas
158,2016.0,Dec,12.0,450.0,doações e vendas
159,2016.0,Dec,12.0,20.0,doações e vendas
160,2016.0,Dec,12.0,315.84,doações e vendas
161,2016.0,Dec,12.0,50.0,doações e vendas
162,2016.0,Dec,13.0,10.0,doações e vendas
163,2016.0,Dec,13.0,100.0,doações e vendas
164,2016.0,Dec,13.0,50.0,doações e vendas
165,2016.0,Dec,14.0,300.0,doações e vendas
166,2016.0,Dec,15.0,20.13,doações e vendas
167,2016.0,Dec,15.0,50.0,doações e vendas
168,2016.0,Dec,16.0,485.0,doações e vendas
169,2016.0,Dec,19.0,290.0,doações e vendas
170,2016.0,Dec,19.0,80.76,doações e vendas
171,2016.0,Dec,20.0,394.0,doações e vendas
172,2016.0,Dec,21.0,490.0,doações e vendas
173,2016.0,Dec,21.0,1500.0,doações e vendas
174,2016.0,Dec,22.0,370.0,doações e vendas
175,2016.0,Dec,23.0,25.0,doações e vendas
176,2016.0,Dec,23.0,80.0,doações e vendas
177,2016.0,Dec,26.0,450.0,doações e vendas
178,2016.0,Dec,27.0,10.0,doações e vendas
179,2016.0,Dec,28.0,50.0,doações e vendas
180,2016.0,Dec,28.0,20.0,doações e vendas
181,2016.0,Dec,28.0,30.0,doações e vendas
182,2016.0,Dec,30.0,100.0,doações e vendas
183,2016.0,Dec,30.0,19622.0,empréstimos e aplicações
184,2017.0,Jan,2.0,95.0,doações e vendas
185,2017.0,Jan,2.0,464.0,doações e vendas
186,2017.0,Jan,3.0,25.0,doações e vendas
187,2017.0,Jan,4.0,140.0,doações e vendas
188,2017.0,Jan,4.0,895.0,doações e vendas
189,2017.0,Jan,5.0,1230.0,doações e vendas
190,2017.0,Jan,5.0,70.0,doações e vendas
191,2017.0,Jan,6.0,30.0,doações e vendas
192,2017.0,Jan,6.0,840.0,doações e vendas
193,2017.0,Jan,9.0,220.0,doações e vendas
194,2017.0,Jan,9.0,50.0,doações e vendas
195,2017.0,Jan,10.0,100.0,doações e vendas
196,2017.0,Jan,11.0,850.0,doações e vendas
197,2017.0,Jan,12.0,300.0,doações e vendas
198,2017.0,Jan,12.0,50.0,doações e vendas
199,2017.0,Jan,13.0,315.0,doações e vendas
200,2017.0,Jan,16.0,490.0,doações e vendas
201,2017.0,Jan,16.0,24.0,doações e vendas
202,2017.0,Jan,17.0,160.0,doações e vendas
203,2017.0,Jan,18.0,350.0,doações e vendas
204,2017.0,Jan,18.0,650.0,doações e vendas
205,2017.0,Jan,18.0,170.0,doações e vendas
206,2017.0,Jan,19.0,340.0,doações e vendas
207,2017.0,Jan,20.0,740.0,doações e vendas
208,2017.0,Jan,20.0,10580.04,projeto Auto Pista Litoral Sul
209,2017.0,Jan,23.0,1460.0,doações e vendas
210,2017.0,Jan,24.0,520.0,doações e vendas
211,2017.0,Jan,25.0,300.0,doações e vendas
212,2017.0,Jan,27.0,1020.0,doações e vendas
213,2017.0,Jan,30.0,20.0,doações e vendas
214,2017.0,Jan,30.0,120.0,doações e vendas
215,2017.0,Jan,31.0,50.0,doações e vendas
216,2017.0,Jan,31.0,10.0,doações e vendas
217,2017.0,Jan,31.0,22010.99,empréstimos e aplicações
218,2017.0,Feb,1.0,20.0,doações e vendas
219,2017.0,Feb,1.0,5341.22,empréstimos e aplicações
220,2017.0,Feb,2.0,30.0,doações e vendas
221,2017.0,Feb,2.0,450.0,doações e vendas
222,2017.0,Feb,2.0,100.0,doações e vendas
223,2017.0,Feb,2.0,3434.04,empréstimos e aplicações
224,2017.0,Feb,3.0,525.0,doações e vendas
225,2017.0,Feb,3.0,10.0,doações e vendas
226,2017.0,Feb,3.0,30.0,doações e vendas
227,2017.0,Feb,3.0,840.0,doações e vendas
228,2017.0,Feb,3.0,50.0,doações e vendas
229,2017.0,Feb,3.0,50.0,empréstimos e aplicações
230,2017.0,Feb,6.0,710.0,doações e vendas
231,2017.0,Feb,6.0,1200.0,doações e vendas
232,2017.0,Feb,6.0,464.0,doações e vendas
233,2017.0,Feb,6.0,190.0,doações e vendas
234,2017.0,Feb,9.0,30.0,doações e vendas
235,2017.0,Feb,10.0,200.0,doações e vendas
236,2017.0,Feb,10.0,300.0,doações e vendas
237,2017.0,Feb,13.0,295.0,doações e vendas
238,2017.0,Feb,14.0,20.0,doações e vendas
239,2017.0,Feb,14.0,50.0,doações e vendas
240,2017.0,Feb,17.0,1180.0,doações e vendas
241,2017.0,Feb,20.0,540.0,doações e vendas
242,2017.0,Feb,20.0,30.0,doações e vendas
243,2017.0,Feb,20.0,60.0,doações e vendas
244,2017.0,Feb,20.0,100.0,doações e vendas
245,2017.0,Feb,20.0,2593.79,empréstimos e aplicações
246,2017.0,Feb,21.0,100.0,doações e vendas
247,2017.0,Feb,21.0,30.0,doações e vendas
248,2017.0,Feb,21.0,5.0,doações e vendas
249,2017.0,Feb,21.0,10580.04,projeto Auto Pista Litoral Sul
250,2017.0,Feb,22.0,100.0,doações e vendas
251,2017.0,Feb,22.0,30.0,doações e vendas
252,2017.0,Feb,22.0,100.0,doações e vendas
253,2017.0,Feb,23.0,117.5,doações e vendas
254,2017.0,Feb,24.0,200.0,doações e vendas
255,2017.0,Feb,24.0,100.0,doações e vendas
256,2017.0,Feb,24.0,20.0,doações e vendas
257,2017.0,Feb,24.0,200.0,doações e vendas
258,2017.0,Feb,24.0,200.0,doações e vendas
259,2017.0,Feb,24.0,73.93,empréstimos e aplicações
260,2017.0,Mar,1.0,330.0,doações e vendas
261,2017.0,Mar,2.0,640.0,doações e vendas
262,2017.0,Mar,2.0,464.0,doações e vendas
263,2017.0,Mar,3.0,276.39,empréstimos e aplicações
264,2017.0,Mar,3.0,125.0,doações e vendas
265,2017.0,Mar,3.0,2225.0,empréstimos e aplicações
266,2017.0,Mar,6.0,500.0,doações e vendas
267,2017.0,Mar,6.0,1620.0,doações e vendas
268,2017.0,Mar,6.0,840.0,doações e vendas
269,2017.0,Mar,7.0,150.0,doações e vendas
270,2017.0,Mar,8.0,50.0,doações e vendas
271,2017.0,Mar,8.0,6000.0,empréstimos e aplicações
272,2017.0,Mar,8.0,326.68,empréstimos e aplicações
273,2017.0,Mar,9.0,145.0,doações e vendas
274,2017.0,Mar,10.0,50.0,empréstimos e aplicações
275,2017.0,Mar,13.0,660.0,doações e vendas
276,2017.0,Mar,14.0,75.0,doações e vendas
277,2017.0,Mar,14.0,162.18,empréstimos e aplicações
278,2017.0,Mar,14.0,124.16,empréstimos e aplicações
279,2017.0,Mar,15.0,80.0,doações e vendas
280,2017.0,Mar,15.0,110.0,empréstimos e aplicações
281,2017.0,Mar,16.0,205.0,doações e vendas
282,2017.0,Mar,17.0,10.0,doações e vendas
283,2017.0,Mar,17.0,105.0,empréstimos e aplicações
284,2017.0,Mar,20.0,400.0,doações e vendas
285,2017.0,Mar,20.0,10580.04,projeto Auto Pista Litoral Sul
286,2017.0,Mar,20.0,301.62,doações e vendas
287,2017.0,Mar,20.0,11.41,empréstimos e aplicações
288,2017.0,Mar,21.0,315.0,doações e vendas
289,2017.0,Mar,22.0,50.0,doações e vendas
290,2017.0,Mar,24.0,400.0,doações e vendas
291,2017.0,Mar,27.0,111.0,doações e vendas
292,2017.0,Mar,28.0,140.0,doações e vendas
293,2017.0,Mar,29.0,370.0,doações e vendas
294,2017.0,Mar,30.0,69.87,doações e vendas
295,2017.0,Mar,18.0,438.0,doações e vendas
296,2017.0,Apr,3.0,125.0,doações e vendas
297,2017.0,Apr,3.0,395.0,doações e vendas
298,2017.0,Apr,3.0,4160.0,empréstimos e aplicações
299,2017.0,Apr,4.0,1475.0,doações e vendas
300,2017.0,Apr,4.0,255.0,doações e vendas
301,2017.0,Apr,5.0,665.0,doações e vendas
302,2017.0,Apr,5.0,1371.0,doações e vendas
303,2017.0,Apr,5.0,6000.0,empréstimos e aplicações
304,2017.0,Apr,5.0,840.0,doações e vendas
305,2017.0,Apr,7.0,305.0,doações e vendas
306,2017.0,Apr,10.0,400.0,empréstimos e aplicações
307,2017.0,Apr,10.0,149.0,outros
308,2017.0,Apr,11.0,1100.0,empréstimos e aplicações
309,2017.0,Apr,12.0,350.0,doações e vendas
310,2017.0,Apr,13.0,50.0,doações e vendas
311,2017.0,Apr,17.0,445.44,doações e vendas
312,2017.0,Apr,17.0,130.0,doações e vendas
313,2017.0,Apr,18.0,19.0,doações e vendas
314,2017.0,Apr,20.0,185.0,doações e vendas
315,2017.0,Apr,20.0,43134.01,projeto Auto Pista Litoral Sul
316,2017.0,Apr,24.0,820.0,doações e vendas
317,2017.0,Apr,27.0,157.5,doações e vendas
318,2017.0,Apr,28.0,20.0,doações e vendas
319,2017.0,Apr,24.0,500.0,outros
320,2017.0,May,2.0,350.0,doações e vendas
321,2017.0,May,3.0,395.0,doações e vendas
322,2017.0,May,3.0,107.5,doações e vendas
323,2017.0,May,4.0,50.0,doações e vendas
324,2017.0,May,4.0,840.0,doações e vendas
325,2017.0,May,5.0,753.2,doações e vendas
326,2017.0,May,5.0,2500.0,empréstimos e aplicações
327,2017.0,May,5.0,1200.0,doações e vendas
328,2017.0,May,5.0,80.0,doações e vendas
329,2017.0,May,5.0,2311.7,doações e vendas
330,2017.0,May,8.0,85.0,doações e vendas
331,2017.0,May,9.0,410.0,doações e vendas
332,2017.0,May,10.0,2000.0,empréstimos e aplicações
333,2017.0,May,10.0,62.0,doações e vendas
334,2017.0,May,11.0,240.0,doações e vendas
335,2017.0,May,12.0,100.0,doações e vendas
336,2017.0,May,15.0,300.0,doações e vendas
337,2017.0,May,15.0,207.24,doações e vendas
338,2017.0,May,16.0,100.0,doações e vendas
339,2017.0,May,17.0,100.0,doações e vendas
340,2017.0,May,17.0,900.0,doações e vendas
341,2017.0,May,18.0,5.0,doações e vendas
342,2017.0,May,19.0,90.0,doações e vendas
343,2017.0,May,19.0,3000.0,empréstimos e aplicações
344,2017.0,May,22.0,256.0,doações e vendas
345,2017.0,May,22.0,10580.04,projeto Auto Pista Litoral Sul
346,2017.0,May,22.0,82.7,doações e vendas
347,2017.0,May,23.0,126.0,doações e vendas
348,2017.0,May,24.0,440.0,doações e vendas
349,2017.0,May,25.0,144.9,doações e vendas
350,2017.0,May,26.0,480.0,doações e vendas
351,2017.0,May,29.0,325.0,doações e vendas
352,2017.0,May,30.0,400.0,empréstimos e aplicações
353,2017.0,May,30.0,250.0,doações e vendas
354,2017.0,May,30.0,47.5,doações e vendas
355,2017.0,May,31.0,1500.0,doações e vendas
356,2017.0,May,31.0,100.0,doações e vendas
357,2017.0,May,2.0,215.0,doações e vendas
358,2017.0,May,22.0,228.0,doações e vendas
359,2017.0,May,31.0,1173.45,empréstimos e aplicações
360,2017.0,Jun,1.0,635.0,doações e vendas
361,2017.0,Jun,2.0,395.0,doações e vendas
362,2017.0,Jun,2.0,415.0,doações e vendas
363,2017.0,Jun,2.0,4260.0,empréstimos e aplicações
364,2017.0,Jun,2.0,840.0,doações e vendas
365,2017.0,Jun,5.0,240.0,doações e vendas
366,2017.0,Jun,5.0,1816.4,doações e vendas
367,2017.0,Jun,5.0,429.59,doações e vendas
368,2017.0,Jun,6.0,60.0,doações e vendas
369,2017.0,Jun,7.0,50.0,doações e vendas
370,2017.0,Jun,8.0,50.0,doações e vendas
371,2017.0,Jun,9.0,430.0,doações e vendas
372,2017.0,Jun,12.0,192.0,doações e vendas
373,2017.0,Jun,12.0,80.0,doações e vendas
374,2017.0,Jun,12.0,247.61,doações e vendas
375,2017.0,Jun,13.0,100.0,doações e vendas
376,2017.0,Jun,13.0,58.38,doações e vendas
377,2017.0,Jun,14.0,80.0,doações e vendas
378,2017.0,Jun,16.0,610.0,doações e vendas
379,2017.0,Jun,19.0,250.0,doações e vendas
380,2017.0,Jun,19.0,64.32,doações e vendas
381,2017.0,Jun,20.0,620.0,doações e vendas
382,2017.0,Jun,20.0,23822.23,projeto Auto Pista Litoral Sul
383,2017.0,Jun,21.0,120.0,doações e vendas
384,2017.0,Jun,22.0,135.0,doações e vendas
385,2017.0,Jun,23.0,50.0,doações e vendas
386,2017.0,Jun,26.0,610.0,doações e vendas
387,2017.0,Jun,26.0,937.0,governo
388,2017.0,Jun,26.0,9.96,doações e vendas
389,2017.0,Jun,27.0,165.0,doações e vendas
390,2017.0,Jun,28.0,50.0,doações e vendas
391,2017.0,Jun,29.0,110.0,doações e vendas
392,2017.0,Jun,29.0,80.74,doações e vendas
393,2017.0,Jun,30.0,335.0,doações e vendas
394,2017.0,Jun,12.0,1200.0,empréstimos e aplicações
395,2017.0,Jul,3.0,525.42,doações e vendas
396,2017.0,Jul,3.0,6540.0,empréstimos e aplicações
397,2017.0,Jul,3.0,24.32,doações e vendas
398,2017.0,Jul,4.0,400.0,doações e vendas
399,2017.0,Jul,4.0,100.0,doações e vendas
400,2017.0,Jul,4.0,840.0,doações e vendas
401,2017.0,Jul,5.0,1990.0,doações e vendas
402,2017.0,Jul,5.0,50.0,doações e vendas
403,2017.0,Jul,6.0,288.0,doações e vendas
404,2017.0,Jul,6.0,939.02,doações e vendas
405,2017.0,Jul,7.0,100.0,doações e vendas
406,2017.0,Jul,10.0,50.0,doações e vendas
407,2017.0,Jul,10.0,174.72,doações e vendas
408,2017.0,Jul,10.0,142.04,doações e vendas
409,2017.0,Jul,11.0,240.0,doações e vendas
410,2017.0,Jul,12.0,60.0,doações e vendas
411,2017.0,Jul,13.0,350.0,doações e vendas
412,2017.0,Jul,14.0,165.0,doações e vendas
413,2017.0,Jul,17.0,200.0,doações e vendas
414,2017.0,Jul,18.0,25.0,doações e vendas
415,2017.0,Jul,19.0,115.0,doações e vendas
416,2017.0,Jul,20.0,775.0,doações e vendas
417,2017.0,Jul,20.0,11083.53,projeto Auto Pista Litoral Sul
418,2017.0,Jul,21.0,60.0,doações e vendas
419,2017.0,Jul,24.0,140.0,doações e vendas
420,2017.0,Jul,24.0,3500.0,empréstimos e aplicações
421,2017.0,Jul,24.0,122.59,doações e vendas
422,2017.0,Jul,24.0,400.0,doações e vendas
423,2017.0,Jul,25.0,100.0,doações e vendas
424,2017.0,Jul,26.0,220.0,doações e vendas
425,2017.0,Jul,27.0,250.0,doações e vendas
426,2017.0,Jul,28.0,120.0,doações e vendas
427,2017.0,Jul,28.0,153.6,doações e vendas
428,2017.0,Jul,31.0,185.0,doações e vendas
429,2017.0,Jul,31.0,27.5,doações e vendas
430,2017.0,Jul,14.0,420.0,empréstimos e aplicações
431,2017.0,Jul,31.0,280.0,empréstimos e aplicações
432,2017.0,Aug,1.0,400.0,doações e vendas
433,2017.0,Aug,1.0,360.0,doações e vendas
434,2017.0,Aug,1.0,6540.0,empréstimos e aplicações
435,2017.0,Aug,2.0,535.0,doações e vendas
436,2017.0,Aug,2.0,18000.0,governo
437,2017.0,Aug,3.0,20.0,doações e vendas
438,2017.0,Aug,3.0,834.0,doações e vendas
439,2017.0,Aug,7.0,325.0,doações e vendas
440,2017.0,Aug,7.0,71.01,doações e vendas
441,2017.0,Aug,8.0,9.51,doações e vendas
442,2017.0,Aug,8.0,14.4,doações e vendas
443,2017.0,Aug,9.0,90.0,doações e vendas
444,2017.0,Aug,10.0,116.0,doações e vendas
445,2017.0,Aug,14.0,485.0,doações e vendas
446,2017.0,Aug,15.0,70.0,doações e vendas
447,2017.0,Aug,16.0,20.0,doações e vendas
448,2017.0,Aug,21.0,615.0,doações e vendas
449,2017.0,Aug,21.0,11083.53,projeto Auto Pista Litoral Sul
450,2017.0,Aug,21.0,70.08,doações e vendas
451,2017.0,Aug,22.0,95.0,doações e vendas
452,2017.0,Aug,23.0,110.0,doações e vendas
453,2017.0,Aug,24.0,400.0,doações e vendas
454,2017.0,Aug,25.0,105.0,doações e vendas
455,2017.0,Aug,28.0,95.0,doações e vendas
456,2017.0,Aug,29.0,155.0,doações e vendas
457,2017.0,Aug,30.0,60.75,doações e vendas
458,2017.0,Aug,30.0,2500.0,empréstimos e aplicações
459,2017.0,Aug,31.0,75.0,doações e vendas
460,2017.0,Aug,1.0,700.0,empréstimos e aplicações
461,2017.0,Sep,1.0,220.0,doações e vendas
462,2017.0,Sep,1.0,6540.0,empréstimos e aplicações
463,2017.0,Sep,4.0,400.0,doações e vendas
464,2017.0,Sep,4.0,313.8,doações e vendas
465,2017.0,Sep,5.0,500.0,empréstimos e aplicações
466,2017.0,Sep,5.0,70.0,doações e vendas
467,2017.0,Sep,5.0,29.34,governo
468,2017.0,Sep,6.0,490.0,doações e vendas
469,2017.0,Sep,6.0,846.0,doações e vendas
470,2017.0,Sep,8.0,185.0,doações e vendas
471,2017.0,Sep,8.0,2000.0,empréstimos e aplicações
472,2017.0,Sep,11.0,300.0,doações e vendas
473,2017.0,Sep,12.0,105.0,doações e vendas
474,2017.0,Sep,13.0,234.25,doações e vendas
475,2017.0,Sep,13.0,450.0,doações e vendas
476,2017.0,Sep,14.0,50.13,doações e vendas
477,2017.0,Sep,18.0,200.0,doações e vendas
478,2017.0,Sep,18.0,217.95,doações e vendas
479,2017.0,Sep,19.0,468.0,doações e vendas
480,2017.0,Sep,19.0,18000.0,governo
481,2017.0,Sep,20.0,245.0,doações e vendas
482,2017.0,Sep,20.0,11083.53,projeto Auto Pista Litoral Sul
483,2017.0,Sep,22.0,240.0,doações e vendas
484,2017.0,Sep,25.0,1052.0,doações e vendas
485,2017.0,Sep,25.0,967.38,governo
486,2017.0,Sep,26.0,154.23,doações e vendas
487,2017.0,Sep,27.0,175.0,doações e vendas
488,2017.0,Sep,28.0,377.0,doações e vendas
489,2017.0,Sep,28.0,709.07,governo
490,2017.0,Sep,28.0,326.63,governo
491,2017.0,Sep,28.0,2200.0,empréstimos e aplicações
492,2017.0,Sep,29.0,160.0,doações e vendas
493,2017.0,Sep,29.0,326.17,governo
494,2017.0,Oct,2.0,115.0,doações e vendas
495,2017.0,Oct,2.0,9660.0,empréstimos e aplicações
496,2017.0,Oct,3.0,105.0,doações e vendas
497,2017.0,Oct,3.0,84.65,doações e vendas
498,2017.0,Oct,4.0,209.0,doações e vendas
499,2017.0,Oct,4.0,191.68,doações e vendas
500,2017.0,Oct,5.0,400.0,doações e vendas
501,2017.0,Oct,5.0,25.0,doações e vendas
502,2017.0,Oct,5.0,952.0,doações e vendas
503,2017.0,Oct,5.0,173.18,doações e vendas
504,2017.0,Oct,6.0,55.0,doações e vendas
505,2017.0,Oct,6.0,227.68,doações e vendas
506,2017.0,Oct,9.0,562.0,doações e vendas
507,2017.0,Oct,9.0,109.94,doações e vendas
508,2017.0,Oct,10.0,100.0,doações e vendas
509,2017.0,Oct,11.0,300.0,doações e vendas
510,2017.0,Oct,13.0,50.0,doações e vendas
511,2017.0,Oct,13.0,90.48,doações e vendas
512,2017.0,Oct,16.0,284.25,doações e vendas
513,2017.0,Oct,16.0,24.0,doações e vendas
514,2017.0,Oct,17.0,135.0,doações e vendas
515,2017.0,Oct,18.0,50.0,doações e vendas
516,2017.0,Oct,19.0,650.0,doações e vendas
517,2017.0,Oct,20.0,250.0,doações e vendas
518,2017.0,Oct,20.0,45186.71,projeto Auto Pista Litoral Sul
519,2017.0,Oct,23.0,487.0,doações e vendas
520,2017.0,Oct,24.0,565.0,doações e vendas
521,2017.0,Oct,25.0,105.0,doações e vendas
522,2017.0,Oct,27.0,470.0,doações e vendas
523,2017.0,Oct,30.0,875.26,doações e vendas
524,2017.0,Nov,1.0,290.0,doações e vendas
525,2017.0,Nov,1.0,5000.0,empréstimos e aplicações
526,2017.0,Nov,1.0,122.88,doações e vendas
527,2017.0,Nov,3.0,145.0,doações e vendas
528,2017.0,Nov,3.0,840.0,doações e vendas
529,2017.0,Nov,3.0,242.88,doações e vendas
530,2017.0,Nov,6.0,55.0,doações e vendas
531,2017.0,Nov,6.0,460.0,doações e vendas
532,2017.0,Nov,6.0,238.08,doações e vendas
533,2017.0,Nov,7.0,1250.0,doações e vendas
534,2017.0,Nov,8.0,55.0,doações e vendas
535,2017.0,Nov,9.0,117.0,doações e vendas
536,2017.0,Nov,10.0,340.0,doações e vendas
537,2017.0,Nov,10.0,85.26,doações e vendas
538,2017.0,Nov,13.0,536.19,doações e vendas
539,2017.0,Nov,13.0,73.92,doações e vendas
540,2017.0,Nov,14.0,334.25,doações e vendas
541,2017.0,Nov,14.0,73.74,doações e vendas
542,2017.0,Nov,16.0,223.0,doações e vendas
543,2017.0,Nov,16.0,22.29,doações e vendas
544,2017.0,Nov,20.0,257.0,doações e vendas
545,2017.0,Nov,21.0,695.0,doações e vendas
546,2017.0,Nov,22.0,3457.1,empréstimos e aplicações
547,2017.0,Nov,22.0,523.63,empréstimos e aplicações
548,2017.0,Nov,22.0,14.44,doações e vendas
549,2017.0,Nov,23.0,307.0,doações e vendas
550,2017.0,Nov,24.0,660.0,doações e vendas
551,2017.0,Nov,27.0,180.0,doações e vendas
552,2017.0,Nov,28.0,210.0,doações e vendas
553,2017.0,Nov,30.0,205.0,doações e vendas
554,2017.0,Nov,30.0,5000.0,empréstimos e aplicações
555,2017.0,Dec,1.0,795.0,doações e vendas
556,2017.0,Dec,4.0,120.0,doações e vendas
557,2017.0,Dec,4.0,6540.0,empréstimos e aplicações
558,2017.0,Dec,5.0,87.5,doações e vendas
559,2017.0,Dec,5.0,11083.53,projeto Auto Pista Litoral Sul
560,2017.0,Dec,6.0,7.5,doações e vendas
561,2017.0,Dec,6.0,840.0,doações e vendas
562,2017.0,Dec,7.0,1175.5,doações e vendas
563,2017.0,Dec,8.0,187.0,doações e vendas
564,2017.0,Dec,11.0,70.0,doações e vendas
565,2017.0,Dec,11.0,28.77,doações e vendas
566,2017.0,Dec,11.0,25.3,doações e vendas
567,2017.0,Dec,12.0,276.86,doações e vendas
568,2017.0,Dec,13.0,664.25,doações e vendas
569,2017.0,Dec,13.0,3000.0,empréstimos e aplicações
570,2017.0,Dec,13.0,85.09,doações e vendas
571,2017.0,Dec,14.0,2155.0,doações e vendas
572,2017.0,Dec,14.0,21.99,doações e vendas
573,2017.0,Dec,15.0,460.0,doações e vendas
574,2017.0,Dec,18.0,457.0,doações e vendas
575,2017.0,Dec,18.0,7068.37,governo
576,2017.0,Dec,18.0,12.43,doações e vendas
577,2017.0,Dec,19.0,132.78,doações e vendas
578,2017.0,Dec,20.0,330.0,doações e vendas
579,2017.0,Dec,21.0,65.0,doações e vendas
580,2017.0,Dec,22.0,673.0,doações e vendas
581,2017.0,Dec,22.0,10000.0,governo
582,2017.0,Dec,26.0,1184.25,doações e vendas
583,2017.0,Dec,27.0,100.0,doações e vendas
584,2017.0,Dec,28.0,25.0,doações e vendas
585,2018.0,Jan,2.0,40.0,doações e vendas
586,2018.0,Jan,3.0,1000.0,doações e vendas
587,2018.0,Jan,4.0,627.92,doações e vendas
588,2018.0,Jan,4.0,840.0,doações e vendas
589,2018.0,Jan,5.0,165.0,doações e vendas
590,2018.0,Jan,5.0,937.0,governo
591,2018.0,Jan,5.0,22167.07,projeto Auto Pista Litoral Sul
592,2018.0,Jan,8.0,100.0,doações e vendas
593,2018.0,Jan,8.0,33.46,doações e vendas
594,2018.0,Jan,9.0,65.0,doações e vendas
595,2018.0,Jan,10.0,212.0,doações e vendas
596,2018.0,Jan,11.0,50.0,doações e vendas
597,2018.0,Jan,12.0,515.0,doações e vendas
598,2018.0,Jan,15.0,170.0,doações e vendas
599,2018.0,Jan,17.0,378.0,doações e vendas
600,2018.0,Jan,18.0,162.9,doações e vendas
601,2018.0,Jan,19.0,355.0,doações e vendas
602,2018.0,Jan,19.0,2000.0,empréstimos e aplicações
603,2018.0,Jan,22.0,330.0,doações e vendas
604,2018.0,Jan,24.0,557.0,doações e vendas
605,2018.0,Jan,25.0,100.0,doações e vendas
606,2018.0,Jan,26.0,190.0,doações e vendas
607,2018.0,Jan,29.0,190.0,doações e vendas
608,2018.0,Jan,30.0,66.4,doações e vendas
609,2018.0,Jan,31.0,255.0,doações e vendas
610,2018.0,Feb,1.0,25.0,doações e vendas
611,2018.0,Feb,2.0,718.25,doações e vendas
612,2018.0,Feb,5.0,295.0,doações e vendas
613,2018.0,Feb,5.0,840.0,doações e vendas
614,2018.0,Feb,5.0,11083.53,projeto Auto Pista Litoral Sul
615,2018.0,Feb,6.0,120.0,doações e vendas
616,2018.0,Feb,7.0,30.0,doações e vendas
617,2018.0,Feb,8.0,7.75,doações e vendas
618,2018.0,Feb,9.0,100.0,doações e vendas
619,2018.0,Feb,14.0,1000.0,empréstimos e aplicações
620,2018.0,Feb,14.0,445.0,doações e vendas
621,2018.0,Feb,15.0,178.0,doações e vendas
622,2018.0,Feb,16.0,275.0,doações e vendas
623,2018.0,Feb,19.0,130.0,doações e vendas
624,2018.0,Feb,19.0,106.58,doações e vendas
625,2018.0,Feb,19.0,3954.63,empréstimos e aplicações
626,2018.0,Feb,20.0,515.0,doações e vendas
627,2018.0,Feb,21.0,150.35,doações e vendas
628,2018.0,Feb,22.0,503.0,doações e vendas
629,2018.0,Feb,23.0,392.0,doações e vendas
630,2018.0,Feb,23.0,590.0,empréstimos e aplicações
631,2018.0,Feb,26.0,890.0,doações e vendas
632,2018.0,Feb,26.0,89.9,empréstimos e aplicações
633,2018.0,Feb,27.0,290.0,doações e vendas
634,2018.0,Feb,28.0,67.5,doações e vendas
635,2018.0,Mar,1.0,50.0,doações e vendas
636,2018.0,Mar,2.0,335.0,doações e vendas
637,2018.0,Mar,5.0,765.2,doações e vendas
638,2018.0,Mar,6.0,420.0,doações e vendas
639,2018.0,Mar,6.0,421.0,doações e vendas
640,2018.0,Mar,6.0,30.0,doações e vendas
641,2018.0,Mar,7.0,70.0,doações e vendas
642,2018.0,Mar,7.0,10000.0,empréstimos e aplicações
643,2018.0,Mar,8.0,17.5,doações e vendas
644,2018.0,Mar,9.0,527.5,doações e vendas
645,2018.0,Mar,9.0,1065.15,governo
646,2018.0,Mar,9.0,150.61,governo
647,2018.0,Mar,12.0,308.5,doações e vendas
648,2018.0,Mar,13.0,250.0,doações e vendas
649,2018.0,Mar,15.0,598.5,doações e vendas
650,2018.0,Mar,19.0,445.0,doações e vendas
651,2018.0,Mar,19.0,937.0,governo
652,2018.0,Mar,19.0,76.54,doações e vendas
653,2018.0,Mar,20.0,294.25,doações e vendas
654,2018.0,Mar,20.0,11083.53,projeto Auto Pista Litoral Sul
655,2018.0,Mar,21.0,50.0,doações e vendas
656,2018.0,Mar,22.0,234.25,doações e vendas
657,2018.0,Mar,22.0,30.07,doações e vendas
658,2018.0,Mar,26.0,630.0,doações e vendas
659,2018.0,Mar,27.0,182.0,doações e vendas
660,2018.0,Mar,28.0,592.0,doações e vendas
661,2018.0,Mar,29.0,190.0,doações e vendas
662,2018.0,Mar,29.0,938.0,doações e vendas
663,2018.0,Apr,2.0,215.0,doações e vendas
664,2018.0,Apr,3.0,145.0,doações e vendas
665,2018.0,Apr,4.0,150.0,doações e vendas
666,2018.0,Apr,4.0,46.85,outros
667,2018.0,Apr,5.0,273.5,doações e vendas
668,2018.0,Apr,5.0,340.0,doações e vendas
669,2018.0,Apr,5.0,53882.0,outros
670,2018.0,Apr,5.0,44894.96,projeto Auto Pista Litoral Sul
671,2018.0,Apr,6.0,794.25,doações e vendas
672,2018.0,Apr,9.0,180.0,doações e vendas
673,2018.0,Apr,10.0,60.0,doações e vendas
674,2018.0,Apr,10.0,7.5,outros
675,2018.0,Apr,11.0,90.0,doações e vendas
676,2018.0,Apr,12.0,50.0,doações e vendas
677,2018.0,Apr,13.0,293.83,doações e vendas
678,2018.0,Apr,16.0,60.0,doações e vendas
679,2018.0,Apr,16.0,173.03,doações e vendas
680,2018.0,Apr,18.0,534.25,doações e vendas
681,2018.0,Apr,18.0,47.5,outros
682,2018.0,Apr,19.0,30.0,doações e vendas
683,2018.0,Apr,20.0,906.34,doações e vendas
684,2018.0,Apr,23.0,80.0,doações e vendas
685,2018.0,Apr,23.0,22000.0,empréstimos e aplicações
686,2018.0,Apr,24.0,680.0,doações e vendas
687,2018.0,Apr,25.0,190.0,doações e vendas
688,2018.0,Apr,26.0,400.0,doações e vendas
689,2018.0,Apr,27.0,80.0,doações e vendas
690,2018.0,Apr,30.0,234.25,doações e vendas
691,2018.0,Apr,30.0,312.33,doações e vendas
692,2018.0,May,2.0,125.0,doações e vendas
693,2018.0,May,3.0,300.0,doações e vendas
694,2018.0,May,4.0,370.0,doações e vendas
695,2018.0,May,7.0,396.0,doações e vendas
696,2018.0,May,7.0,13446.97,projeto Auto Pista Litoral Sul
697,2018.0,May,8.0,355.0,doações e vendas
698,2018.0,May,9.0,982.0,doações e vendas
699,2018.0,May,9.0,5000.0,doações e vendas
700,2018.0,May,10.0,651.0,doações e vendas
701,2018.0,May,11.0,445.0,doações e vendas
702,2018.0,May,14.0,129.5,doações e vendas
703,2018.0,May,15.0,360.0,doações e vendas
704,2018.0,May,16.0,800.0,empréstimos e aplicações
705,2018.0,May,16.0,847.75,doações e vendas
706,2018.0,May,17.0,100.0,doações e vendas
707,2018.0,May,18.0,800.0,doações e vendas
708,2018.0,May,18.0,3000.0,empréstimos e aplicações
709,2018.0,May,18.0,238.5,doações e vendas
710,2018.0,May,21.0,633.5,doações e vendas
711,2018.0,May,22.0,312.33,doações e vendas
712,2018.0,May,24.0,400.0,doações e vendas
713,2018.0,May,25.0,680.0,doações e vendas
714,2018.0,May,28.0,200.0,doações e vendas
715,2018.0,May,29.0,200.0,doações e vendas
716,2018.0,May,30.0,150.0,doações e vendas
717,2018.0,Jun,1.0,15.0,doações e vendas
718,2018.0,Jun,4.0,1155.0,doações e vendas
719,2018.0,Jun,5.0,24468.26,projeto Auto Pista Litoral Sul
720,2018.0,Jun,5.0,100.0,doações e vendas
721,2018.0,Jun,5.0,840.0,outros
722,2018.0,Jun,6.0,167.5,doações e vendas
723,2018.0,Jun,7.0,510.0,doações e vendas
724,2018.0,Jun,8.0,115.0,doações e vendas
725,2018.0,Jun,11.0,418.34,doações e vendas
726,2018.0,Jun,12.0,288.5,doações e vendas
727,2018.0,Jun,13.0,60.0,doações e vendas
728,2018.0,Jun,14.0,91.0,doações e vendas
729,2018.0,Jun,15.0,210.0,doações e vendas
730,2018.0,Jun,18.0,300.0,doações e vendas
731,2018.0,Jun,19.0,248.5,doações e vendas
732,2018.0,Jun,20.0,100.0,doações e vendas
733,2018.0,Jun,21.0,15.0,doações e vendas
734,2018.0,Jun,22.0,315.0,doações e vendas
735,2018.0,Jun,25.0,1529.25,doações e vendas
736,2018.0,Jun,26.0,924.0,doações e vendas
737,2018.0,Jun,27.0,610.0,doações e vendas
738,2018.0,Jun,28.0,765.0,doações e vendas
739,2018.0,Jun,29.0,260.0,doações e vendas
740,2018.0,Jul,2.0,286.0,doações e vendas
741,2018.0,Jul,3.0,155.0,doações e vendas
742,2018.0,Jul,5.0,910.0,doações e vendas
743,2018.0,Jul,6.0,238.5,doações e vendas
744,2018.0,Jul,6.0,4186.0,empréstimos e aplicações
745,2018.0,Jul,6.0,3000.0,empréstimos e aplicações
746,2018.0,Jul,9.0,431.19,doações e vendas
747,2018.0,Jul,10.0,130.0,doações e vendas
748,2018.0,Jul,11.0,47.5,doações e vendas
749,2018.0,Jul,12.0,110.0,doações e vendas
750,2018.0,Jul,13.0,100.0,doações e vendas
751,2018.0,Jul,16.0,300.0,empréstimos e aplicações
752,2018.0,Jul,16.0,180.0,doações e vendas
753,2018.0,Jul,17.0,315.0,doações e vendas
754,2018.0,Jul,18.0,10.0,doações e vendas
755,2018.0,Jul,19.0,170.0,doações e vendas
756,2018.0,Jul,20.0,1500.0,empréstimos e aplicações
757,2018.0,Jul,20.0,180.0,doações e vendas
758,2018.0,Jul,23.0,60.0,doações e vendas
759,2018.0,Jul,24.0,490.0,doações e vendas
760,2018.0,Jul,25.0,240.0,doações e vendas
761,2018.0,Jul,26.0,65.0,doações e vendas
762,2018.0,Jul,27.0,240.0,doações e vendas
763,2018.0,Jul,30.0,117.5,doações e vendas
764,2018.0,Jul,31.0,260.0,doações e vendas
765,2018.0,Jul,31.0,2400.0,empréstimos e aplicações
766,2018.0,Aug,1.0,240.0,doações e vendas
767,2018.0,Aug,2.0,10.0,doações e vendas
768,2018.0,Aug,3.0,380.0,doações e vendas
769,2018.0,Aug,6.0,780.0,doações e vendas
770,2018.0,Aug,7.0,20.0,doações e vendas
771,2018.0,Aug,7.0,4500.0,empréstimos e aplicações
772,2018.0,Aug,8.0,100.0,doações e vendas
773,2018.0,Aug,9.0,50.0,doações e vendas
774,2018.0,Aug,10.0,76.8,doações e vendas
775,2018.0,Aug,13.0,524.1,doações e vendas
776,2018.0,Aug,14.0,60.0,doações e vendas
777,2018.0,Aug,15.0,350.0,empréstimos e aplicações
778,2018.0,Aug,15.0,50.0,doações e vendas
779,2018.0,Aug,16.0,94.0,doações e vendas
780,2018.0,Aug,17.0,137.18,doações e vendas
781,2018.0,Aug,20.0,340.0,doações e vendas
782,2018.0,Aug,20.0,12234.14,projeto Auto Pista Litoral Sul
783,2018.0,Aug,21.0,320.0,doações e vendas
784,2018.0,Aug,22.0,10.0,doações e vendas
785,2018.0,Aug,23.0,130.0,doações e vendas
786,2018.0,Aug,24.0,520.0,doações e vendas
787,2018.0,Aug,27.0,50.0,doações e vendas
788,2018.0,Aug,29.0,160.0,doações e vendas
789,2018.0,Aug,30.0,50.0,doações e vendas
790,2018.0,Aug,31.0,10.0,doações e vendas
791,2018.0,Sep,3.0,530.0,doações e vendas
792,2018.0,Sep,4.0,292.45,doações e vendas
793,2018.0,Sep,5.0,110.0,doações e vendas
794,2018.0,Sep,6.0,150.0,doações e vendas
795,2018.0,Sep,6.0,5600.0,empréstimos e aplicações
796,2018.0,Sep,10.0,125.01,doações e vendas
797,2018.0,Sep,12.0,150.0,doações e vendas
798,2018.0,Sep,13.0,5.0,doações e vendas
799,2018.0,Sep,14.0,10.0,doações e vendas
800,2018.0,Sep,17.0,312.89,doações e vendas
801,2018.0,Sep,18.0,260.0,doações e vendas
802,2018.0,Sep,19.0,20.0,doações e vendas
803,2018.0,Sep,20.0,125.0,doações e vendas
804,2018.0,Sep,20.0,6117.07,projeto Auto Pista Litoral Sul
805,2018.0,Sep,24.0,630.0,doações e vendas
806,2018.0,Sep,25.0,50.0,doações e vendas
807,2018.0,Sep,26.0,20.0,doações e vendas
808,2018.0,Sep,27.0,180.0,doações e vendas
809,2018.0,Sep,28.0,128.0,doações e vendas
810,2018.0,Oct,1.0,192.67,doações e vendas
811,2018.0,Oct,2.0,579.0,doações e vendas
812,2018.0,Oct,3.0,350.0,doações e vendas
813,2018.0,Oct,4.0,25.0,doações e vendas
814,2018.0,Oct,5.0,540.0,doações e vendas
815,2018.0,Oct,5.0,41071.73,projeto Auto Pista Litoral Sul
816,2018.0,Oct,9.0,17.5,doações e vendas
817,2018.0,Oct,10.0,10.0,doações e vendas
818,2018.0,Oct,11.0,954.0,doações e vendas
819,2018.0,Oct,15.0,653.33,doações e vendas
820,2018.0,Oct,16.0,100.0,doações e vendas
821,2018.0,Oct,17.0,20.0,doações e vendas
822,2018.0,Oct,19.0,175.0,doações e vendas
823,2018.0,Oct,22.0,1347.0,doações e vendas
824,2018.0,Oct,23.0,120.0,doações e vendas
825,2018.0,Oct,24.0,400.0,doações e vendas
826,2018.0,Oct,25.0,80.0,doações e vendas
827,2018.0,Oct,26.0,127.5,doações e vendas
828,2018.0,Oct,29.0,100.0,doações e vendas
829,2018.0,Oct,30.0,290.0,doações e vendas
830,2018.0,Oct,31.0,750.0,doações e vendas
831,2018.0,Nov,1.0,450.0,doações e vendas
832,2018.0,Nov,5.0,405.0,doações e vendas
833,2018.0,Nov,6.0,67.5,doações e vendas
834,2018.0,Nov,6.0,4000.0,empréstimos e aplicações
835,2018.0,Nov,7.0,280.0,doações e vendas
836,2018.0,Nov,8.0,50.0,doações e vendas
837,2018.0,Nov,9.0,45.0,doações e vendas
838,2018.0,Nov,12.0,1047.16,doações e vendas
839,2018.0,Nov,13.0,764.0,doações e vendas
840,2018.0,Nov,14.0,2208.0,doações e vendas
841,2018.0,Nov,16.0,708.0,doações e vendas
842,2018.0,Nov,19.0,30.0,doações e vendas
843,2018.0,Nov,20.0,165.0,doações e vendas
844,2018.0,Nov,21.0,130.0,doações e vendas
845,2018.0,Nov,22.0,125.0,doações e vendas
846,2018.0,Nov,22.0,2500.0,empréstimos e aplicações
847,2018.0,Nov,23.0,272.45,doações e vendas
848,2018.0,Nov,26.0,940.1,doações e vendas
849,2018.0,Nov,27.0,405.0,doações e vendas
850,2018.0,Nov,28.0,40.0,doações e vendas
851,2018.0,Nov,30.0,30.0,doações e vendas
852,2018.0,Dec,3.0,405.0,doações e vendas
853,2018.0,Dec,4.0,320.0,doações e vendas
854,2018.0,Dec,5.0,469.0,doações e vendas
855,2018.0,Dec,5.0,12234.14,doações e vendas
856,2018.0,Dec,7.0,7.5,doações e vendas
857,2018.0,Dec,10.0,1348.4,doações e vendas
858,2018.0,Dec,11.0,85.17,doações e vendas
859,2018.0,Dec,12.0,336.15,doações e vendas
860,2018.0,Dec,13.0,45.0,doações e vendas
861,2018.0,Dec,14.0,272.45,doações e vendas
862,2018.0,Dec,17.0,764.22,doações e vendas
863,2018.0,Dec,18.0,630.0,doações e vendas
864,2018.0,Dec,19.0,205.0,doações e vendas
865,2018.0,Dec,20.0,1476.0,doações e vendas
866,2018.0,Dec,21.0,1174.17,doações e vendas
867,2018.0,Dec,24.0,1295.0,doações e vendas
868,2018.0,Dec,26.0,665.0,doações e vendas
869,2018.0,Dec,26.0,2800.0,empréstimos e aplicações
870,2018.0,Dec,27.0,650.0,doações e vendas
871,2018.0,Dec,31.0,277.0,empréstimos e aplicações
872,2019.0,Jan,2.0,211.0,doações e vendas
873,2019.0,Jan,3.0,135.0,doações e vendas
874,2019.0,Jan,4.0,100.0,doações e vendas
875,2019.0,Jan,7.0,570.0,doações e vendas
876,2019.0,Jan,7.0,6117.07,projeto Auto Pista Litoral Sul
877,2019.0,Jan,8.0,15.0,doações e vendas
878,2019.0,Jan,9.0,10.0,doações e vendas
879,2019.0,Jan,10.0,282.5,doações e vendas
880,2019.0,Jan,11.0,415.0,doações e vendas
881,2019.0,Jan,14.0,300.0,doações e vendas
882,2019.0,Jan,15.0,1891.21,doações e vendas
883,2019.0,Jan,16.0,216.0,doações e vendas
884,2019.0,Jan,17.0,385.0,doações e vendas
885,2019.0,Jan,18.0,25.0,doações e vendas
886,2019.0,Jan,18.0,3700.0,empréstimos e aplicações
887,2019.0,Jan,21.0,655.0,doações e vendas
888,2019.0,Jan,22.0,120.0,doações e vendas
889,2019.0,Jan,23.0,74.5,doações e vendas
890,2019.0,Jan,24.0,440.0,doações e vendas
891,2019.0,Jan,25.0,10.0,doações e vendas
892,2019.0,Jan,28.0,398.8,doações e vendas
893,2019.0,Jan,29.0,65.0,doações e vendas
894,2019.0,Jan,30.0,85.0,doações e vendas
895,2019.0,Jan,31.0,25.0,doações e vendas
896,2019.0,Feb,1.0,753.0,doações e vendas
897,2019.0,Feb,1.0,500.0,empréstimos e aplicações
898,2019.0,Feb,4.0,284.25,doações e vendas
899,2019.0,Feb,5.0,803.0,doações e vendas
900,2019.0,Feb,6.0,80.0,doações e vendas
901,2019.0,Feb,6.0,6000.0,empréstimos e aplicações
902,2019.0,Feb,7.0,231.78,doações e vendas
903,2019.0,Feb,8.0,160.0,doações e vendas
904,2019.0,Feb,11.0,145.0,doações e vendas
905,2019.0,Feb,12.0,50.0,doações e vendas
906,2019.0,Feb,13.0,649.5,doações e vendas
907,2019.0,Feb,14.0,635.0,doações e vendas
908,2019.0,Feb,15.0,377.45,doações e vendas
909,2019.0,Feb,18.0,202.0,doações e vendas
910,2019.0,Feb,19.0,65.0,doações e vendas
911,2019.0,Feb,20.0,410.04,doações e vendas
912,2019.0,Feb,20.0,6117.07,projeto Auto Pista Litoral Sul
913,2019.0,Feb,21.0,80.0,doações e vendas
914,2019.0,Feb,22.0,275.0,doações e vendas
915,2019.0,Feb,25.0,1040.0,doações e vendas
916,2019.0,Feb,26.0,95.0,doações e vendas
917,2019.0,Feb,27.0,540.0,doações e vendas
918,2019.0,Feb,28.0,270.0,doações e vendas
919,2019.0,Mar,6.0,1160.0,doações e vendas
920,2019.0,Mar,6.0,6117.07,projeto Auto Pista Litoral Sul
921,2019.0,Mar,7.0,130.0,doações e vendas
922,2019.0,Mar,8.0,535.0,doações e vendas
923,2019.0,Mar,11.0,381.0,doações e vendas
924,2019.0,Mar,12.0,50.0,doações e vendas
925,2019.0,Mar,13.0,500.0,doações e vendas
926,2019.0,Mar,14.0,135.0,doações e vendas
927,2019.0,Mar,15.0,35.0,doações e vendas
928,2019.0,Mar,18.0,90.0,doações e vendas
929,2019.0,Mar,18.0,5000.0,empréstimos e aplicações
930,2019.0,Mar,19.0,310.0,doações e vendas
931,2019.0,Mar,20.0,105.0,doações e vendas
932,2019.0,Mar,21.0,110.0,doações e vendas
933,2019.0,Mar,22.0,120.0,doações e vendas
934,2019.0,Mar,25.0,693.0,doações e vendas
935,2019.0,Mar,26.0,240.0,doações e vendas
936,2019.0,Mar,27.0,75.0,doações e vendas
937,2019.0,Mar,28.0,60.0,doações e vendas
938,2019.0,Mar,29.0,240.0,doações e vendas
939,2019.0,Apr,1.0,170.0,doações e vendas
940,2019.0,Apr,2.0,110.0,doações e vendas
941,2019.0,Apr,3.0,295.0,doações e vendas
942,2019.0,Apr,4.0,280.0,doações e vendas
943,2019.0,Apr,5.0,165.0,doações e vendas
944,2019.0,Apr,5.0,41071.73,projeto Auto Pista Litoral Sul
945,2019.0,Apr,8.0,864.0,doações e vendas
946,2019.0,Apr,9.0,423.25,doações e vendas
947,2019.0,Apr,10.0,515.0,doações e vendas
948,2019.0,Apr,11.0,150.0,doações e vendas
949,2019.0,Apr,12.0,130.0,doações e vendas
950,2019.0,Apr,17.0,245.0,doações e vendas
951,2019.0,Apr,18.0,250.0,doações e vendas
952,2019.0,Apr,22.0,495.0,doações e vendas
953,2019.0,Apr,22.0,2200.0,empréstimos e aplicações
954,2019.0,Apr,23.0,460.0,doações e vendas
955,2019.0,Apr,24.0,460.0,doações e vendas
956,2019.0,Apr,26.0,276.98,doações e vendas
957,2019.0,Apr,29.0,475.0,doações e vendas
958,2019.0,Apr,30.0,135.0,doações e vendas
959,2019.0,May,2.0,617.81,doações e vendas
960,2019.0,May,3.0,380.0,doações e vendas
961,2019.0,May,6.0,692.5,doações e vendas
962,2019.0,May,7.0,925.86,empréstimos e aplicações
963,2019.0,May,7.0,5397.0,empréstimos e aplicações
964,2019.0,May,7.0,295.0,doações e vendas
965,2019.0,May,8.0,1131.51,doações e vendas
966,2019.0,May,9.0,10.0,doações e vendas
967,2019.0,May,10.0,75.0,doações e vendas
968,2019.0,May,13.0,1328.74,doações e vendas
969,2019.0,May,14.0,30.0,doações e vendas
970,2019.0,May,15.0,555.0,doações e vendas
971,2019.0,May,16.0,474.42,doações e vendas
972,2019.0,May,17.0,70.0,doações e vendas
973,2019.0,May,20.0,365.0,doações e vendas
974,2019.0,May,21.0,20.0,doações e vendas
975,2019.0,May,22.0,310.0,doações e vendas
976,2019.0,May,23.0,225.0,doações e vendas
977,2019.0,May,24.0,480.0,doações e vendas
978,2019.0,May,27.0,774.75,doações e vendas
979,2019.0,May,28.0,650.0,doações e vendas
980,2019.0,May,28.0,1000.0,empréstimos e aplicações
981,2019.0,May,29.0,90.0,doações e vendas
982,2019.0,May,30.0,50.0,doações e vendas
983,2019.0,May,31.0,381.21,doações e vendas
984,2019.0,Jun,3.0,479.11,doações e vendas
985,2019.0,Jun,4.0,45.0,doações e vendas
986,2019.0,Jun,5.0,312.5,doações e vendas
987,2019.0,Jun,5.0,6117.07,projeto Auto Pista Litoral Sul
988,2019.0,Jun,5.0,19225.07,projeto Auto Pista Litoral Sul
989,2019.0,Jun,6.0,292.5,doações e vendas
990,2019.0,Jun,7.0,450.0,doações e vendas
991,2019.0,Jun,10.0,320.0,doações e vendas
992,2019.0,Jun,11.0,58.98,doações e vendas
993,2019.0,Jun,12.0,182.0,doações e vendas
994,2019.0,Jun,13.0,150.0,doações e vendas
995,2019.0,Jun,14.0,230.0,doações e vendas
996,2019.0,Jun,17.0,675.0,doações e vendas
997,2019.0,Jun,18.0,700.0,doações e vendas
998,2019.0,Jun,19.0,325.0,doações e vendas
999,2019.0,Jun,21.0,205.0,doações e vendas
1000,2019.0,Jun,24.0,440.0,doações e vendas
1001,2019.0,Jun,24.0,2500.0,empréstimos e aplicações
1002,2019.0,Jun,25.0,1368.0,doações e vendas
1003,2019.0,Jun,27.0,50.0,doações e vendas
1004,2019.0,Jun,28.0,346.41,doações e vendas
1005,2019.0,Jun,11.0,945.45,doações e vendas
1006,2019.0,Jul,1.0,227.26,doações e vendas
1007,2019.0,Jul,2.0,258.0,doações e vendas
1008,2019.0,Jul,3.0,465.0,doações e vendas
1009,2019.0,Jul,4.0,192.5,doações e vendas
1010,2019.0,Jul,5.0,245.0,doações e vendas
1011,2019.0,Jul,8.0,325.0,doações e vendas
1012,2019.0,Jul,8.0,5197.0,empréstimos e aplicações
1013,2019.0,Jul,9.0,70.0,doações e vendas
1014,2019.0,Jul,10.0,120.0,doações e vendas
1015,2019.0,Jul,10.0,925.86,empréstimos e aplicações
1016,2019.0,Jul,11.0,96.93,doações e vendas
1017,2019.0,Jul,12.0,261.83,doações e vendas
1018,2019.0,Jul,15.0,260.45,doações e vendas
1019,2019.0,Jul,16.0,100.0,doações e vendas
1020,2019.0,Jul,16.0,200.0,doações e vendas
1021,2019.0,Jul,18.0,20.0,doações e vendas
1022,2019.0,Jul,19.0,60.0,doações e vendas
1023,2019.0,Jul,22.0,476.0,doações e vendas
1024,2019.0,Jul,23.0,120.0,doações e vendas
1025,2019.0,Jul,23.0,744.51,empréstimos e aplicações
1026,2019.0,Jul,24.0,400.0,doações e vendas
1027,2019.0,Jul,25.0,300.0,doações e vendas
1028,2019.0,Jul,26.0,100.0,doações e vendas
1029,2019.0,Jul,29.0,250.0,doações e vendas
1030,2019.0,Jul,30.0,5.0,doações e vendas
1031,2019.0,Jul,31.0,190.0,doações e vendas
1032,2019.0,Aug,1.0,480.0,doações e vendas
1033,2019.0,Aug,2.0,713.16,doações e vendas
1034,2019.0,Aug,5.0,635.0,doações e vendas
1035,2019.0,Aug,5.0,15832.46,projeto Auto Pista Litoral Sul
1036,2019.0,Aug,6.0,307.5,doações e vendas
1037,2019.0,Aug,7.0,130.0,doações e vendas
1038,2019.0,Aug,8.0,230.0,doações e vendas
1039,2019.0,Aug,9.0,362.0,doações e vendas
1040,2019.0,Aug,12.0,275.0,doações e vendas
1041,2019.0,Aug,13.0,290.0,doações e vendas
1042,2019.0,Aug,14.0,100.0,doações e vendas
1043,2019.0,Aug,15.0,63.39,doações e vendas
1044,2019.0,Aug,15.0,950.13,empréstimos e aplicações
1045,2019.0,Aug,16.0,350.0,doações e vendas
1046,2019.0,Aug,19.0,675.0,doações e vendas
1047,2019.0,Aug,20.0,135.0,doações e vendas
1048,2019.0,Aug,21.0,295.0,doações e vendas
1049,2019.0,Aug,22.0,75.0,doações e vendas
1050,2019.0,Aug,26.0,815.0,doações e vendas
1051,2019.0,Aug,27.0,50.0,doações e vendas
1052,2019.0,Aug,28.0,200.0,doações e vendas
1053,2019.0,Aug,29.0,430.0,doações e vendas
1054,2019.0,Aug,30.0,200.0,doações e vendas
1055,2019.0,Sep,2.0,710.0,doações e vendas
1056,2019.0,Sep,3.0,200.0,doações e vendas
1057,2019.0,Sep,4.0,611.0,doações e vendas
1058,2019.0,Sep,5.0,175.0,doações e vendas
1059,2019.0,Sep,6.0,305.0,doações e vendas
1060,2019.0,Sep,9.0,315.0,doações e vendas
1061,2019.0,Sep,10.0,75.0,doações e vendas
1062,2019.0,Sep,11.0,80.0,doações e vendas
1063,2019.0,Sep,12.0,150.0,doações e vendas
1064,2019.0,Sep,13.0,75.0,doações e vendas
1065,2019.0,Sep,16.0,465.0,doações e vendas
1066,2019.0,Sep,17.0,3081.4,doações e vendas
1067,2019.0,Sep,18.0,205.0,doações e vendas
1068,2019.0,Sep,19.0,590.0,doações e vendas
1069,2019.0,Sep,20.0,300.18,doações e vendas
1070,2019.0,Sep,23.0,650.0,doações e vendas
1071,2019.0,Sep,24.0,500.0,doações e vendas
1072,2019.0,Sep,25.0,190.0,doações e vendas
1073,2019.0,Sep,27.0,75.0,doações e vendas
1074,2019.0,Sep,30.0,65.0,doações e vendas
1075,2019.0,Oct,1.0,210.63,doações e vendas
1076,2019.0,Oct,2.0,60.0,doações e vendas
1077,2019.0,Oct,3.0,170.0,doações e vendas
1078,2019.0,Oct,4.0,110.0,doações e vendas
1079,2019.0,Oct,7.0,895.33,doações e vendas
1080,2019.0,Oct,8.0,210.0,doações e vendas
1081,2019.0,Oct,10.0,40.0,doações e vendas
1082,2019.0,Oct,11.0,140.0,doações e vendas
1083,2019.0,Oct,14.0,220.0,doações e vendas
1084,2019.0,Oct,15.0,100.0,doações e vendas
1085,2019.0,Oct,16.0,54.49,doações e vendas
1086,2019.0,Oct,17.0,55.0,doações e vendas
1087,2019.0,Oct,18.0,9.5,doações e vendas
1088,2019.0,Oct,21.0,710.01,doações e vendas
1089,2019.0,Oct,22.0,5.0,doações e vendas
1090,2019.0,Oct,24.0,200.0,doações e vendas
1091,2019.0,Oct,28.0,1075.0,doações e vendas
1092,2019.0,Oct,29.0,385.0,doações e vendas
1093,2019.0,Oct,30.0,190.0,doações e vendas
1094,2019.0,Oct,31.0,239.11,doações e vendas
1095,2019.0,Nov,1.0,160.0,doações e vendas
1096,2019.0,Nov,4.0,1234.53,doações e vendas
1097,2019.0,Nov,5.0,335.0,doações e vendas
1098,2019.0,Nov,6.0,740.0,doações e vendas
1099,2019.0,Nov,7.0,330.0,doações e vendas
1100,2019.0,Nov,8.0,440.0,doações e vendas
1101,2019.0,Nov,11.0,175.0,doações e vendas
1102,2019.0,Nov,12.0,50.0,doações e vendas
1103,2019.0,Nov,14.0,209.73,doações e vendas
1104,2019.0,Nov,18.0,412.5,doações e vendas
1105,2019.0,Nov,19.0,530.0,doações e vendas
1106,2019.0,Nov,20.0,450.0,doações e vendas
1107,2019.0,Nov,21.0,265.0,doações e vendas
1108,2019.0,Nov,22.0,488.1,doações e vendas
1109,2019.0,Nov,25.0,665.0,doações e vendas
1110,2019.0,Nov,26.0,607.26,doações e vendas
1111,2019.0,Nov,27.0,118.5,doações e vendas
1112,2019.0,Nov,28.0,124.0,doações e vendas
1113,2019.0,Nov,29.0,468.39,doações e vendas
1114,2019.0,Dec,2.0,1170.0,doações e vendas
1115,2019.0,Dec,3.0,155.0,doações e vendas
1116,2019.0,Dec,4.0,1095.33,doações e vendas
1117,2019.0,Dec,5.0,310.0,doações e vendas
1118,2019.0,Dec,6.0,280.0,doações e vendas
1119,2019.0,Dec,9.0,275.0,doações e vendas
1120,2019.0,Dec,10.0,500.0,doações e vendas
1121,2019.0,Dec,12.0,370.0,doações e vendas
1122,2019.0,Dec,13.0,110.0,doações e vendas
1123,2019.0,Dec,16.0,789.46,doações e vendas
1124,2019.0,Dec,17.0,50.0,doações e vendas
1125,2019.0,Dec,18.0,1359.87,doações e vendas
1126,2019.0,Dec,19.0,1200.0,doações e vendas
1127,2019.0,Dec,20.0,350.0,doações e vendas
1128,2019.0,Dec,23.0,250.0,doações e vendas
1129,2019.0,Dec,24.0,207.0,doações e vendas
1130,2019.0,Dec,26.0,236.25,doações e vendas
1131,2019.0,Dec,27.0,218.5,doações e vendas
1132,2019.0,Dec,30.0,888.28,doações e vendas
1133,2019.0,Dec,31.0,520.0,doações e vendas
1134,2020.0,Jan,2.0,540.0,doações e vendas
1135,2020.0,Jan,3.0,1104.53,doações e vendas
1136,2020.0,Jan,6.0,244.0,doações e vendas
1137,2020.0,Jan,7.0,245.0,doações e vendas
1138,2020.0,Jan,8.0,100.0,doações e vendas
1139,2020.0,Jan,9.0,405.0,doações e vendas
1140,2020.0,Jan,10.0,95.0,doações e vendas
1141,2020.0,Jan,13.0,455.0,doações e vendas
1142,2020.0,Jan,14.0,50.0,doações e vendas
1143,2020.0,Jan,15.0,15.0,doações e vendas
1144,2020.0,Jan,16.0,400.0,doações e vendas
1145,2020.0,Jan,17.0,1385.0,doações e vendas
1146,2020.0,Jan,20.0,620.0,doações e vendas
1147,2020.0,Jan,21.0,33.46,doações e vendas
1148,2020.0,Jan,22.0,360.0,doações e vendas
1149,2020.0,Jan,23.0,175.0,doações e vendas
1150,2020.0,Jan,24.0,1125.0,doações e vendas
1151,2020.0,Jan,27.0,240.0,doações e vendas
1152,2020.0,Jan,28.0,214.82,doações e vendas
1153,2020.0,Jan,29.0,550.0,doações e vendas
1154,2020.0,Jan,31.0,682.93,doações e vendas
1155,2020.0,Feb,3.0,1380.0,doações e vendas
1156,2020.0,Feb,4.0,790.0,doações e vendas
1157,2020.0,Feb,5.0,300.0,doações e vendas
1158,2020.0,Feb,6.0,95.0,doações e vendas
1159,2020.0,Feb,7.0,605.0,doações e vendas
1160,2020.0,Feb,10.0,690.0,doações e vendas
1161,2020.0,Feb,11.0,79.12,doações e vendas
1162,2020.0,Feb,12.0,440.0,doações e vendas
1163,2020.0,Feb,13.0,603.0,doações e vendas
1164,2020.0,Feb,14.0,440.0,doações e vendas
1165,2020.0,Feb,17.0,125.0,doações e vendas
1166,2020.0,Feb,17.0,319.58,doações e vendas
1167,2020.0,Feb,19.0,125.0,doações e vendas
1168,2020.0,Feb,20.0,250.0,doações e vendas
1169,2020.0,Feb,21.0,50.0,doações e vendas
1170,2020.0,Feb,26.0,1060.89,doações e vendas
1171,2020.0,Feb,27.0,325.0,doações e vendas
1172,2020.0,Feb,28.0,1504.45,doações e vendas
1173,2020.0,Mar,2.0,706.0,doações e vendas
1174,2020.0,Mar,3.0,130.0,doações e vendas
1175,2020.0,Mar,4.0,265.0,doações e vendas
1176,2020.0,Mar,5.0,240.0,doações e vendas
1177,2020.0,Mar,6.0,295.0,doações e vendas
1178,2020.0,Mar,9.0,560.0,doações e vendas
1179,2020.0,Mar,10.0,290.0,doações e vendas
1180,2020.0,Mar,11.0,167.5,doações e vendas
1181,2020.0,Mar,12.0,430.0,doações e vendas
1182,2020.0,Mar,13.0,10.0,doações e vendas
1183,2020.0,Mar,16.0,190.0,doações e vendas
1184,2020.0,Mar,17.0,240.0,doações e vendas
1185,2020.0,Mar,18.0,451.0,doações e vendas
1186,2020.0,Mar,19.0,550.0,doações e vendas
1187,2020.0,Mar,20.0,280.0,doações e vendas
1188,2020.0,Mar,23.0,285.0,doações e vendas
1189,2020.0,Mar,24.0,250.0,doações e vendas
1190,2020.0,Mar,25.0,215.0,doações e vendas
1191,2020.0,Mar,26.0,280.5,doações e vendas
1192,2020.0,Mar,27.0,100.0,doações e vendas
1193,2020.0,Mar,30.0,540.0,doações e vendas
1194,2020.0,Mar,31.0,893.97,doações e vendas
1195,2020.0,Apr,1.0,590.0,doações e vendas
1196,2020.0,Apr,2.0,405.0,doações e vendas
1197,2020.0,Apr,3.0,1245.0,doações e vendas
1198,2020.0,Apr,6.0,700.0,doações e vendas
1199,2020.0,Apr,7.0,595.0,doações e vendas
1200,2020.0,Apr,8.0,250.0,doações e vendas
1201,2020.0,Apr,9.0,300.0,doações e vendas
1202,2020.0,Apr,13.0,350.0,doações e vendas
1203,2020.0,Apr,14.0,664.32,doações e vendas
1204,2020.0,Apr,15.0,612.4,doações e vendas
1205,2020.0,Apr,16.0,557.5,doações e vendas
1206,2020.0,Apr,17.0,25.0,doações e vendas
1207,2020.0,Apr,20.0,1565.0,doações e vendas
1208,2020.0,Apr,22.0,645.0,doações e vendas
1209,2020.0,Apr,23.0,1355.0,doações e vendas
1210,2020.0,Apr,24.0,450.0,doações e vendas
1211,2020.0,Apr,27.0,495.0,doações e vendas
1212,2020.0,Apr,28.0,70.0,doações e vendas
1213,2020.0,Apr,29.0,417.5,doações e vendas
1214,2020.0,Apr,30.0,254.76,doações e vendas
1215,2020.0,May,4.0,1838.46,doações e vendas
1216,2020.0,May,4.0,201.35,empréstimos e aplicações
1217,2020.0,May,5.0,410.0,doações e vendas
1218,2020.0,May,5.0,398.6,empréstimos e aplicações
1219,2020.0,May,5.0,181.4,outros
1220,2020.0,May,6.0,110.0,doações e vendas
1221,2020.0,May,6.0,167.37,outros
1222,2020.0,May,7.0,270.0,doações e vendas
1223,2020.0,May,8.0,1020.0,doações e vendas
1224,2020.0,May,11.0,395.0,doações e vendas
1225,2020.0,May,11.0,478.73,empréstimos e aplicações
1226,2020.0,May,12.0,250.0,doações e vendas
1227,2020.0,May,13.0,30.0,doações e vendas
1228,2020.0,May,13.0,170.0,empréstimos e aplicações
1229,2020.0,May,14.0,310.0,doações e vendas
1230,2020.0,May,15.0,348.0,empréstimos e aplicações
1231,2020.0,May,18.0,75.0,doações e vendas
1232,2020.0,May,18.0,0.82,empréstimos e aplicações
1233,2020.0,May,19.0,230.0,doações e vendas
1234,2020.0,May,20.0,1457.5,doações e vendas
1235,2020.0,May,21.0,75.0,doações e vendas
1236,2020.0,May,21.0,270.3,empréstimos e aplicações
1237,2020.0,May,22.0,50.0,doações e vendas
1238,2020.0,May,25.0,1250.0,doações e vendas
1239,2020.0,May,26.0,116.0,doações e vendas
1240,2020.0,May,27.0,60.0,doações e vendas
1241,2020.0,May,27.0,230.0,empréstimos e aplicações
1242,2020.0,May,28.0,170.0,doações e vendas
1243,2020.0,May,29.0,165.01,doações e vendas
1244,2020.0,Jun,1.0,2684.66,doações e vendas
1245,2020.0,Jun,2.0,500.0,doações e vendas
1246,2020.0,Jun,2.0,117.0,empréstimos e aplicações
1247,2020.0,Jun,3.0,1665.0,doações e vendas
1248,2020.0,Jun,4.0,475.0,doações e vendas
1249,2020.0,Jun,4.0,57.25,empréstimos e aplicações
1250,2020.0,Jun,5.0,1518.0,doações e vendas
1251,2020.0,Jun,8.0,730.0,doações e vendas
1252,2020.0,Jun,8.0,295.28,empréstimos e aplicações
1253,2020.0,Jun,9.0,687.0,doações e vendas
1254,2020.0,Jun,10.0,755.0,doações e vendas
1255,2020.0,Jun,10.0,641.43,empréstimos e aplicações
1256,2020.0,Jun,12.0,3361.33,doações e vendas
1257,2020.0,Jun,12.0,708.57,empréstimos e aplicações
1258,2020.0,Jun,15.0,120.0,doações e vendas
1259,2020.0,Jun,15.0,269.69,empréstimos e aplicações
1260,2020.0,Jun,16.0,70.0,doações e vendas
1261,2020.0,Jun,16.0,101.7,empréstimos e aplicações
1262,2020.0,Jun,17.0,145.0,doações e vendas
1263,2020.0,Jun,18.0,127.5,doações e vendas
1264,2020.0,Jun,18.0,69.3,empréstimos e aplicações
1265,2020.0,Jun,19.0,310.0,doações e vendas
1266,2020.0,Jun,19.0,40.0,empréstimos e aplicações
1267,2020.0,Jun,22.0,312.5,doações e vendas
1268,2020.0,Jun,23.0,100.0,doações e vendas
1269,2020.0,Jun,23.0,95.0,empréstimos e aplicações
1270,2020.0,Jun,24.0,220.0,doações e vendas
1271,2020.0,Jun,24.0,0.23,empréstimos e aplicações
1272,2020.0,Jun,25.0,315.0,doações e vendas
1273,2020.0,Jun,25.0,84.99,empréstimos e aplicações
1274,2020.0,Jun,26.0,70.0,doações e vendas
1275,2020.0,Jun,26.0,4.0,empréstimos e aplicações
1276,2020.0,Jun,29.0,905.45,doações e vendas
1277,2020.0,Jun,30.0,280.0,doações e vendas
1278,2020.0,Jun,30.0,82.55,empréstimos e aplicações
1279,2020.0,Jul,1.0,677.5,doações e vendas
1280,2020.0,Jul,1.0,353.36,empréstimos e aplicações
1281,2020.0,Jul,2.0,2197.5,doações e vendas
1282,2020.0,Jul,3.0,215.0,doações e vendas
1283,2020.0,Jul,3.0,1012.0,empréstimos e aplicações
1284,2020.0,Jul,6.0,665.0,doações e vendas
1285,2020.0,Jul,6.0,3.54,empréstimos e aplicações
1286,2020.0,Jul,7.0,919.66,doações e vendas
1287,2020.0,Jul,8.0,100.0,doações e vendas
1288,2020.0,Jul,8.0,402.55,empréstimos e aplicações
1289,2020.0,Jul,9.0,80.0,doações e vendas
1290,2020.0,Jul,10.0,264.0,doações e vendas
1291,2020.0,Jul,10.0,548.93,empréstimos e aplicações
1292,2020.0,Jul,13.0,969.08,doações e vendas
1293,2020.0,Jul,14.0,240.0,doações e vendas
1294,2020.0,Jul,14.0,140.94,empréstimos e aplicações
1295,2020.0,Jul,15.0,80.0,doações e vendas
1296,2020.0,Jul,15.0,89.7,empréstimos e aplicações
1297,2020.0,Jul,16.0,30.0,doações e vendas
1298,2020.0,Jul,17.0,25.0,doações e vendas
1299,2020.0,Jul,17.0,138.45,empréstimos e aplicações
1300,2020.0,Jul,20.0,710.0,doações e vendas
1301,2020.0,Jul,20.0,0.08,empréstimos e aplicações
1302,2020.0,Jul,21.0,150.0,doações e vendas
1303,2020.0,Jul,21.0,405.0,empréstimos e aplicações
1304,2020.0,Jul,22.0,250.0,doações e vendas
1305,2020.0,Jul,22.0,3.2,empréstimos e aplicações
1306,2020.0,Jul,23.0,50.0,doações e vendas
1307,2020.0,Jul,23.0,122.5,empréstimos e aplicações
1308,2020.0,Jul,24.0,357.5,doações e vendas
1309,2020.0,Jul,27.0,1150.0,doações e vendas
1310,2020.0,Jul,28.0,112.78,doações e vendas
1311,2020.0,Jul,29.0,45.0,doações e vendas
1312,2020.0,Jul,29.0,171.79,empréstimos e aplicações
1313,2020.0,Jul,30.0,799.5,doações e vendas
1314,2020.0,Jul,31.0,430.0,doações e vendas
1315,2020.0,Aug,3.0,2100.0,doações e vendas
1316,2020.0,Aug,3.0,931.69,empréstimos e aplicações
1317,2020.0,Aug,4.0,425.0,doações e vendas
1318,2020.0,Aug,5.0,640.0,doações e vendas
1319,2020.0,Aug,6.0,425.0,doações e vendas
1320,2020.0,Aug,6.0,217.73,empréstimos e aplicações
1321,2020.0,Aug,7.0,1637.06,doações e vendas
1322,2020.0,Aug,10.0,380.0,doações e vendas
1323,2020.0,Aug,10.0,882.75,empréstimos e aplicações
1324,2020.0,Aug,11.0,275.0,doações e vendas
1325,2020.0,Aug,11.0,3.04,empréstimos e aplicações
1326,2020.0,Aug,12.0,90.0,doações e vendas
1327,2020.0,Aug,12.0,180.0,empréstimos e aplicações
1328,2020.0,Aug,13.0,975.0,doações e vendas
1329,2020.0,Aug,14.0,1135.0,doações e vendas
1330,2020.0,Aug,14.0,692.67,empréstimos e aplicações
1331,2020.0,Aug,17.0,144.69,doações e vendas
1332,2020.0,Aug,17.0,66.03,empréstimos e aplicações
1333,2020.0,Aug,18.0,200.0,doações e vendas
1334,2020.0,Aug,19.0,73.69,doações e vendas
1335,2020.0,Aug,19.0,57.71,empréstimos e aplicações
1336,2020.0,Aug,20.0,247.0,doações e vendas
1337,2020.0,Aug,21.0,990.12,doações e vendas
1338,2020.0,Aug,21.0,409.88,empréstimos e aplicações
1339,2020.0,Aug,24.0,465.0,doações e vendas
1340,2020.0,Aug,25.0,390.0,doações e vendas
1341,2020.0,Aug,26.0,132.5,doações e vendas
1342,2020.0,Aug,26.0,394.5,empréstimos e aplicações
1343,2020.0,Aug,27.0,188.4,doações e vendas
1344,2020.0,Aug,27.0,0.08,empréstimos e aplicações
1345,2020.0,Aug,28.0,70.0,doações e vendas
1346,2020.0,Aug,31.0,617.0,doações e vendas
1347,2020.0,Sep,1.0,410.0,doações e vendas
1348,2020.0,Sep,2.0,740.0,doações e vendas
1349,2020.0,Sep,3.0,1448.8,doações e vendas
1350,2020.0,Sep,3.0,948.19,empréstimos e aplicações
1351,2020.0,Sep,4.0,712.5,doações e vendas
1352,2020.0,Sep,8.0,2037.0,doações e vendas
1353,2020.0,Sep,9.0,290.0,doações e vendas
1354,2020.0,Sep,9.0,342.73,empréstimos e aplicações
1355,2020.0,Sep,10.0,130.0,doações e vendas
1356,2020.0,Sep,10.0,164.75,empréstimos e aplicações
1357,2020.0,Sep,11.0,200.0,doações e vendas
1358,2020.0,Sep,14.0,1475.0,doações e vendas
1359,2020.0,Sep,15.0,450.0,doações e vendas
1360,2020.0,Sep,16.0,377.5,doações e vendas
1361,2020.0,Sep,17.0,625.0,doações e vendas
1362,2020.0,Sep,18.0,650.0,doações e vendas
1363,2020.0,Sep,21.0,888.0,doações e vendas
1364,2020.0,Sep,22.0,730.0,doações e vendas
1365,2020.0,Sep,23.0,100.0,doações e vendas
1366,2020.0,Sep,23.0,189.0,empréstimos e aplicações
1367,2020.0,Sep,24.0,700.0,doações e vendas
1368,2020.0,Sep,25.0,195.0,doações e vendas
1369,2020.0,Sep,25.0,684.0,empréstimos e aplicações
1370,2020.0,Sep,28.0,585.0,doações e vendas
1371,2020.0,Sep,28.0,5.8,empréstimos e aplicações
1372,2020.0,Sep,29.0,250.0,doações e vendas
1373,2020.0,Sep,29.0,151.89,empréstimos e aplicações
1374,2020.0,Sep,30.0,900.8,doações e vendas
1375,2020.0,Sep,30.0,9.57,empréstimos e aplicações
1376,2020.0,Oct,1.0,827.5,doações e vendas
1377,2020.0,Oct,1.0,1.64,empréstimos e aplicações
1378,2020.0,Oct,2.0,460.0,doações e vendas
1379,2020.0,Oct,5.0,1219.0,doações e vendas
1380,2020.0,Oct,5.0,231.91,empréstimos e aplicações
1381,2020.0,Oct,6.0,90.0,doações e vendas
1382,2020.0,Oct,6.0,239.54,doações e vendas
1383,2020.0,Oct,7.0,130.0,doações e vendas
1384,2020.0,Oct,8.0,720.0,doações e vendas
1385,2020.0,Oct,9.0,387.0,doações e vendas
1386,2020.0,Oct,9.0,267.9,empréstimos e aplicações
1387,2020.0,Oct,13.0,753.15,doações e vendas
1388,2020.0,Oct,13.0,19.71,empréstimos e aplicações
1389,2020.0,Oct,14.0,275.0,doações e vendas
1390,2020.0,Oct,15.0,840.0,doações e vendas
1391,2020.0,Oct,16.0,270.0,doações e vendas
1392,2020.0,Oct,19.0,1920.0,doações e vendas
1393,2020.0,Oct,20.0,600.0,doações e vendas
1394,2020.0,Oct,20.0,1493.9,empréstimos e aplicações
1395,2020.0,Oct,21.0,1891.0,doações e vendas
1396,2020.0,Oct,22.0,100.0,doações e vendas
1397,2020.0,Oct,23.0,550.0,doações e vendas
1398,2020.0,Oct,26.0,1620.0,doações e vendas
1399,2020.0,Oct,27.0,655.0,doações e vendas
1400,2020.0,Oct,28.0,50.0,doações e vendas
1401,2020.0,Oct,28.0,836.0,empréstimos e aplicações
1402,2020.0,Oct,29.0,595.0,doações e vendas
1403,2020.0,Oct,30.0,925.0,doações e vendas
1404,2020.0,Nov,3.0,1815.98,doações e vendas
1405,2020.0,Nov,3.0,44.15,empréstimos e aplicações
1406,2020.0,Nov,4.0,446.0,doações e vendas
1407,2020.0,Nov,5.0,270.0,doações e vendas
1408,2020.0,Nov,6.0,897.66,doações e vendas
1409,2020.0,Nov,9.0,1227.25,doações e vendas
1410,2020.0,Nov,10.0,332.0,doações e vendas
1411,2020.0,Nov,10.0,1047.61,empréstimos e aplicações
1412,2020.0,Nov,11.0,265.0,doações e vendas
1413,2020.0,Nov,12.0,350.0,doações e vendas
1414,2020.0,Nov,13.0,170.0,doações e vendas
1415,2020.0,Nov,16.0,517.0,doações e vendas
1416,2020.0,Nov,16.0,1540.0,doações e vendas
1417,2020.0,Nov,17.0,573.99,empréstimos e aplicações
1418,2020.0,Nov,18.0,375.0,doações e vendas
1419,2020.0,Nov,19.0,177.5,doações e vendas
1420,2020.0,Nov,19.0,261.18,empréstimos e aplicações
1421,2020.0,Nov,20.0,200.0,doações e vendas
1422,2020.0,Nov,23.0,880.83,doações e vendas
1423,2020.0,Nov,24.0,950.0,doações e vendas
1424,2020.0,Nov,25.0,782.23,doações e vendas
1425,2020.0,Nov,25.0,252.67,empréstimos e aplicações
1426,2020.0,Nov,26.0,920.0,doações e vendas
1427,2020.0,Nov,27.0,300.0,doações e vendas
1428,2020.0,Nov,27.0,443.3,empréstimos e aplicações
1429,2020.0,Nov,30.0,2067.66,doações e vendas
1430,2020.0,Dec,1.0,1055.0,doações e vendas
1431,2020.0,Dec,2.0,1145.0,doações e vendas
1432,2020.0,Dec,3.0,510.0,doações e vendas
1433,2020.0,Dec,3.0,1480.0,empréstimos e aplicações
1434,2020.0,Dec,4.0,650.0,doações e vendas
1435,2020.0,Dec,4.0,4.14,empréstimos e aplicações
1436,2020.0,Dec,7.0,1645.0,doações e vendas
1437,2020.0,Dec,8.0,510.0,doações e vendas
1438,2020.0,Dec,8.0,267.8,empréstimos e aplicações
1439,2020.0,Dec,9.0,100.0,doações e vendas
1440,2020.0,Dec,10.0,100.0,doações e vendas
1441,2020.0,Dec,10.0,477.95,empréstimos e aplicações
1442,2020.0,Dec,11.0,85.0,doações e vendas
1443,2020.0,Dec,11.0,527.65,empréstimos e aplicações
1444,2020.0,Dec,14.0,1200.0,doações e vendas
1445,2020.0,Dec,15.0,240.0,doações e vendas
1446,2020.0,Dec,15.0,522.55,empréstimos e aplicações
1447,2020.0,Dec,16.0,65.0,doações e vendas
1448,2020.0,Dec,17.0,295.0,doações e vendas
1449,2020.0,Dec,17.0,51.91,empréstimos e aplicações
1450,2020.0,Dec,18.0,145.0,doações e vendas
1451,2020.0,Dec,21.0,1395.0,doações e vendas
1452,2020.0,Dec,22.0,510.0,doações e vendas
1453,2020.0,Dec,22.0,373.46,empréstimos e aplicações
1454,2020.0,Dec,23.0,515.0,doações e vendas
1455,2020.0,Dec,24.0,963.0,doações e vendas
1456,2020.0,Dec,24.0,474.46,empréstimos e aplicações
1457,2020.0,Dec,28.0,990.0,doações e vendas
1458,2020.0,Dec,29.0,470.04,doações e vendas
1459,2020.0,Dec,29.0,642.76,empréstimos e aplicações
1460,2020.0,Dec,30.0,190.0,doações e vendas
1461,2020.0,Dec,30.0,40.7,empréstimos e aplicações
1462,2020.0,Dec,31.0,275.0,doações e vendas
1463,2020.0,Dec,31.0,5.58,empréstimos e aplicações
1464,2021.0,Jan,4.0,1843.5,doações e vendas
1465,2021.0,Jan,5.0,500.51,doações e vendas
1466,2021.0,Jan,5.0,54.39,empréstimos e aplicações
1467,2021.0,Jan,6.0,765.74,doações e vendas
1468,2021.0,Jan,6.0,718.26,empréstimos e aplicações
1469,2021.0,Jan,7.0,1475.7,doações e vendas
1470,2021.0,Jan,7.0,74.3,empréstimos e aplicações
1471,2021.0,Jan,8.0,95.0,doações e vendas
1472,2021.0,Jan,11.0,770.0,doações e vendas
1473,2021.0,Jan,11.0,5.0,empréstimos e aplicações
1474,2021.0,Jan,12.0,689.2,doações e vendas
1475,2021.0,Jan,12.0,3.47,empréstimos e aplicações
1476,2021.0,Jan,12.0,0.03,empréstimos e aplicações
1477,2021.0,Jan,13.0,137.5,doações e vendas
1478,2021.0,Jan,13.0,242.5,empréstimos e aplicações
1479,2021.0,Jan,14.0,150.0,doações e vendas
1480,2021.0,Jan,14.0,129.9,empréstimos e aplicações
1481,2021.0,Jan,15.0,107.0,doações e vendas
1482,2021.0,Jan,18.0,800.0,doações e vendas
1483,2021.0,Jan,19.0,649.66,doações e vendas
1484,2021.0,Jan,20.0,350.0,doações e vendas
1485,2021.0,Jan,20.0,519.9,empréstimos e aplicações
1486,2021.0,Jan,21.0,122.0,doações e vendas
1487,2021.0,Jan,22.0,130.0,doações e vendas
1488,2021.0,Jan,22.0,68.48,empréstimos e aplicações
1489,2021.0,Jan,25.0,1150.0,doações e vendas
1490,2021.0,Jan,25.0,62.27,empréstimos e aplicações
1491,2021.0,Jan,26.0,11.96,empréstimos e aplicações
1492,2021.0,Jan,27.0,300.0,doações e vendas
1493,2021.0,Jan,28.0,375.0,doações e vendas
1494,2021.0,Jan,29.0,2038.8,doações e vendas
1495,2021.0,Feb,1.0,1300.0,doações e vendas
1496,2021.0,Feb,2.0,350.0,doações e vendas
1497,2021.0,Feb,2.0,1460.0,empréstimos e aplicações
1498,2021.0,Feb,3.0,342.0,doações e vendas
1499,2021.0,Feb,4.0,650.0,doações e vendas
1500,2021.0,Feb,5.0,1149.0,doações e vendas
1501,2021.0,Feb,5.0,81.68,empréstimos e aplicações
1502,2021.0,Feb,8.0,1980.0,doações e vendas
1503,2021.0,Feb,9.0,150.0,doações e vendas
1504,2021.0,Feb,9.0,170.0,empréstimos e aplicações
1505,2021.0,Feb,10.0,915.0,doações e vendas
1506,2021.0,Feb,11.0,100.0,doações e vendas
1507,2021.0,Feb,11.0,1400.0,empréstimos e aplicações
1508,2021.0,Feb,12.0,50.0,doações e vendas
1509,2021.0,Feb,12.0,1.61,empréstimos e aplicações
1510,2021.0,Feb,17.0,1570.43,doações e vendas
1511,2021.0,Feb,17.0,124.66,empréstimos e aplicações
1512,2021.0,Feb,18.0,105.0,doações e vendas
1513,2021.0,Feb,19.0,210.0,doações e vendas
1514,2021.0,Feb,19.0,56.31,empréstimos e aplicações
1515,2021.0,Feb,22.0,897.5,doações e vendas
1516,2021.0,Feb,23.0,50.0,doações e vendas
1517,2021.0,Feb,23.0,346.44,empréstimos e aplicações
1518,2021.0,Feb,24.0,700.0,doações e vendas
1519,2021.0,Feb,25.0,270.0,doações e vendas
1520,2021.0,Feb,26.0,1615.0,doações e vendas
1521,2021.0,Feb,26.0,257.25,empréstimos e aplicações
1522,2021.0,Mar,1.0,1911.25,doações e vendas
1523,2021.0,Mar,2.0,1250.0,doações e vendas
1524,2021.0,Mar,3.0,2333.48,doações e vendas
1525,2021.0,Mar,3.0,956.52,empréstimos e aplicações
1526,2021.0,Mar,4.0,70.0,doações e vendas
1527,2021.0,Mar,4.0,368.82,empréstimos e aplicações
1528,2021.0,Mar,5.0,350.0,doações e vendas
1529,2021.0,Mar,8.0,1665.0,doações e vendas
1530,2021.0,Mar,8.0,377.58,empréstimos e aplicações
1531,2021.0,Mar,9.0,247.5,doações e vendas
1532,2021.0,Mar,9.0,21.7,empréstimos e aplicações
1533,2021.0,Mar,10.0,279.0,doações e vendas
1534,2021.0,Mar,10.0,92.33,empréstimos e aplicações
1535,2021.0,Mar,11.0,1255.0,doações e vendas
1536,2021.0,Mar,12.0,340.0,doações e vendas
1537,2021.0,Mar,15.0,375.0,doações e vendas
1538,2021.0,Mar,15.0,795.81,empréstimos e aplicações
1539,2021.0,Mar,16.0,495.0,doações e vendas
1540,2021.0,Mar,17.0,205.0,doações e vendas
1541,2021.0,Mar,17.0,145.0,empréstimos e aplicações
1542,2021.0,Mar,18.0,617.5,doações e vendas
1543,2021.0,Mar,19.0,10.0,doações e vendas
1544,2021.0,Mar,19.0,366.3,empréstimos e aplicações
1545,2021.0,Mar,22.0,500.0,doações e vendas
1546,2021.0,Mar,23.0,960.0,doações e vendas
1547,2021.0,Mar,23.0,103.78,empréstimos e aplicações
1548,2021.0,Mar,24.0,460.0,doações e vendas
1549,2021.0,Mar,24.0,40.0,empréstimos e aplicações
1550,2021.0,Mar,25.0,295.0,doações e vendas
1551,2021.0,Mar,25.0,60.76,empréstimos e aplicações
1552,2021.0,Mar,26.0,230.0,doações e vendas
1553,2021.0,Mar,29.0,930.0,doações e vendas
1554,2021.0,Mar,30.0,410.0,doações e vendas
1555,2021.0,Mar,30.0,90.0,empréstimos e aplicações
1556,2021.0,Mar,31.0,520.0,doações e vendas
1557,2021.0,Apr,1.0,322.0,doações e vendas
1558,2021.0,Apr,1.0,492.0,empréstimos e aplicações
1559,2021.0,Apr,5.0,2724.0,doações e vendas
1560,2021.0,Apr,6.0,205.0,doações e vendas
1561,2021.0,Apr,6.0,1379.0,empréstimos e aplicações
1562,2021.0,Apr,7.0,1703.5,doações e vendas
1563,2021.0,Apr,8.0,345.0,doações e vendas
1564,2021.0,Apr,9.0,755.0,doações e vendas
1565,2021.0,Apr,9.0,1237.69,empréstimos e aplicações
1566,2021.0,Apr,12.0,565.0,doações e vendas
1567,2021.0,Apr,12.0,79.22,empréstimos e aplicações
1568,2021.0,Apr,13.0,1430.0,doações e vendas
1569,2021.0,Apr,14.0,140.0,doações e vendas
1570,2021.0,Apr,14.0,379.85,empréstimos e aplicações
1571,2021.0,Apr,15.0,267.5,doações e vendas
1572,2021.0,Apr,15.0,360.24,empréstimos e aplicações
1573,2021.0,Apr,16.0,310.0,doações e vendas
1574,2021.0,Apr,19.0,550.0,doações e vendas
1575,2021.0,Apr,20.0,2432.09,doações e vendas
1576,2021.0,Apr,20.0,518.91,empréstimos e aplicações
1577,2021.0,Apr,22.0,334.0,doações e vendas
1578,2021.0,Apr,22.0,202.18,empréstimos e aplicações
1579,2021.0,Apr,23.0,86.0,doações e vendas
1580,2021.0,Apr,23.0,123.42,empréstimos e aplicações
1581,2021.0,Apr,26.0,870.0,doações e vendas
1582,2021.0,Apr,27.0,565.0,doações e vendas
1583,2021.0,Apr,28.0,100.0,empréstimos e aplicações
1584,2021.0,Apr,29.0,30.0,doações e vendas
1585,2021.0,Apr,29.0,170.0,empréstimos e aplicações
1586,2021.0,Apr,30.0,325.0,doações e vendas
1587,2021.0,May,3.0,2494.23,doações e vendas
1588,2021.0,May,4.0,180.0,doações e vendas
1589,2021.0,May,4.0,900.0,empréstimos e aplicações
1590,2021.0,May,5.0,1162.5,doações e vendas
1591,2021.0,May,6.0,630.0,doações e vendas
1592,2021.0,May,6.0,473.78,empréstimos e aplicações
1593,2021.0,May,7.0,815.0,doações e vendas
1594,2021.0,May,10.0,278.0,doações e vendas
1595,2021.0,May,10.0,657.36,empréstimos e aplicações
1596,2021.0,May,11.0,340.0,doações e vendas
1597,2021.0,May,11.0,30.0,empréstimos e aplicações
1598,2021.0,May,12.0,300.0,doações e vendas
1599,2021.0,May,13.0,381.0,doações e vendas
1600,2021.0,May,14.0,397.5,doações e vendas
1601,2021.0,May,14.0,220.9,empréstimos e aplicações
1602,2021.0,May,17.0,140.0,doações e vendas
1603,2021.0,May,17.0,139.0,empréstimos e aplicações
1604,2021.0,May,18.0,190.0,doações e vendas
1605,2021.0,May,19.0,212.5,doações e vendas
1606,2021.0,May,19.0,161.4,empréstimos e aplicações
1607,2021.0,May,20.0,170.0,doações e vendas
1608,2021.0,May,21.0,245.0,doações e vendas
1609,2021.0,May,24.0,1187.0,doações e vendas
1610,2021.0,May,25.0,535.0,doações e vendas
1611,2021.0,May,25.0,115.75,empréstimos e aplicações
1612,2021.0,May,26.0,209.07,doações e vendas
1613,2021.0,May,26.0,26.41,empréstimos e aplicações
1614,2021.0,May,27.0,797.0,doações e vendas
1615,2021.0,May,28.0,290.0,doações e vendas
1616,2021.0,May,31.0,930.0,doações e vendas
1617,2021.0,Jun,1.0,934.0,doações e vendas
1618,2021.0,Jun,1.0,464.0,empréstimos e aplicações
1619,2021.0,Jun,2.0,897.5,doações e vendas
1620,2021.0,Jun,4.0,1440.0,doações e vendas
1621,2021.0,Jun,4.0,478.79,empréstimos e aplicações
1622,2021.0,Jun,7.0,1191.12,doações e vendas
1623,2021.0,Jun,8.0,374.0,doações e vendas
1624,2021.0,Jun,8.0,334.73,empréstimos e aplicações
1625,2021.0,Jun,9.0,338.0,doações e vendas
1626,2021.0,Jun,10.0,155.01,doações e vendas
1627,2021.0,Jun,10.0,694.25,empréstimos e aplicações
1628,2021.0,Jun,11.0,828.0,doações e vendas
1629,2021.0,Jun,14.0,577.48,doações e vendas
1630,2021.0,Jun,14.0,633.22,empréstimos e aplicações
1631,2021.0,Jun,16.0,630.0,doações e vendas
1632,2021.0,Jun,17.0,170.0,doações e vendas
1633,2021.0,Jun,17.0,570.1,empréstimos e aplicações
1634,2021.0,Jun,18.0,160.0,doações e vendas
1635,2021.0,Jun,18.0,53.4,empréstimos e aplicações
1636,2021.0,Jun,21.0,605.0,doações e vendas
1637,2021.0,Jun,22.0,72.94,doações e vendas
1638,2021.0,Jun,22.0,97.62,empréstimos e aplicações
1639,2021.0,Jun,23.0,70.0,doações e vendas
1640,2021.0,Jun,23.0,4.58,empréstimos e aplicações
1641,2021.0,Jun,24.0,545.09,doações e vendas
1642,2021.0,Jun,25.0,100.0,doações e vendas
1643,2021.0,Jun,28.0,390.0,doações e vendas
1644,2021.0,Jun,29.0,1720.0,doações e vendas
1645,2021.0,Jun,30.0,130.0,doações e vendas
1646,2021.0,Jun,30.0,555.78,empréstimos e aplicações
1647,2021.0,Jun,,53.78,outros
1648,2021.0,Jul,1.0,722.0,doações e vendas
1649,2021.0,Jul,1.0,907.0,empréstimos e aplicações
1650,2021.0,Jul,2.0,432.5,doações e vendas
1651,2021.0,Jul,5.0,845.0,doações e vendas
1652,2021.0,Jul,5.0,488.8,empréstimos e aplicações
1653,2021.0,Jul,6.0,165.0,doações e vendas
1654,2021.0,Jul,7.0,522.26,doações e vendas
1655,2021.0,Jul,8.0,300.0,doações e vendas
1656,2021.0,Jul,8.0,150.0,empréstimos e aplicações
1657,2021.0,Jul,9.0,260.0,doações e vendas
1658,2021.0,Jul,9.0,341.11,empréstimos e aplicações
1659,2021.0,Jul,12.0,445.0,doações e vendas
1660,2021.0,Jul,13.0,80.0,doações e vendas
1661,2021.0,Jul,14.0,200.0,doações e vendas
1662,2021.0,Jul,15.0,235.0,doações e vendas
1663,2021.0,Jul,15.0,115.0,empréstimos e aplicações
1664,2021.0,Jul,16.0,1879.0,doações e vendas
1665,2021.0,Jul,19.0,275.0,doações e vendas
1666,2021.0,Jul,19.0,49.79,empréstimos e aplicações
1667,2021.0,Jul,20.0,220.0,doações e vendas
1668,2021.0,Jul,21.0,130.0,doações e vendas
1669,2021.0,Jul,21.0,1279.55,empréstimos e aplicações
1670,2021.0,Jul,22.0,250.0,doações e vendas
1671,2021.0,Jul,23.0,170.0,doações e vendas
1672,2021.0,Jul,23.0,137.0,empréstimos e aplicações
1673,2021.0,Jul,26.0,1000.0,doações e vendas
1674,2021.0,Jul,27.0,735.0,doações e vendas
1675,2021.0,Jul,28.0,1150.0,doações e vendas
1676,2021.0,Jul,29.0,88.0,doações e vendas
1677,2021.0,Jul,29.0,346.35,empréstimos e aplicações
1678,2021.0,Jul,30.0,370.0,doações e vendas
1679,2021.0,Aug,2.0,930.5,doações e vendas
1680,2021.0,Aug,3.0,695.0,doações e vendas
1681,2021.0,Aug,3.0,763.91,empréstimos e aplicações
1682,2021.0,Aug,4.0,637.5,doações e vendas
1683,2021.0,Aug,5.0,345.2,doações e vendas
1684,2021.0,Aug,5.0,438.8,empréstimos e aplicações
1685,2021.0,Aug,6.0,1150.0,doações e vendas
1686,2021.0,Aug,9.0,722.28,doações e vendas
1687,2021.0,Aug,9.0,1131.52,empréstimos e aplicações
1688,2021.0,Aug,10.0,200.0,doações e vendas
1689,2021.0,Aug,11.0,440.0,doações e vendas
1690,2021.0,Aug,12.0,215.0,doações e vendas
1691,2021.0,Aug,12.0,188.96,empréstimos e aplicações
1692,2021.0,Aug,13.0,1741.0,doações e vendas
1693,2021.0,Aug,16.0,710.0,doações e vendas
1694,2021.0,Aug,16.0,658.15,empréstimos e aplicações
1695,2021.0,Aug,18.0,70.0,doações e vendas
1696,2021.0,Aug,19.0,10.0,doações e vendas
1697,2021.0,Aug,17.0,101.73,empréstimos e aplicações
1698,2021.0,Aug,20.0,691.58,doações e vendas
1699,2021.0,Aug,23.0,799.46,doações e vendas
1700,2021.0,Aug,24.0,355.0,doações e vendas
1701,2021.0,Aug,24.0,342.35,empréstimos e aplicações
1702,2021.0,Aug,25.0,10.0,doações e vendas
1703,2021.0,Aug,25.0,160.0,empréstimos e aplicações
1704,2021.0,Aug,26.0,895.1,doações e vendas
1705,2021.0,Aug,27.0,1624.49,doações e vendas
1706,2021.0,Aug,27.0,717.79,empréstimos e aplicações
1707,2021.0,Aug,30.0,360.0,doações e vendas
1708,2021.0,Aug,30.0,68.84,empréstimos e aplicações
1709,2021.0,Aug,31.0,720.0,doações e vendas
1710,2021.0,Sep,1.0,590.0,doações e vendas
1711,2021.0,Sep,2.0,937.5,doações e vendas
1712,2021.0,Sep,3.0,1952.0,doações e vendas
1713,2021.0,Sep,3.0,701.61,empréstimos e aplicações
1714,2021.0,Sep,6.0,1848.88,doações e vendas
1715,2021.0,Sep,8.0,505.0,doações e vendas
1716,2021.0,Sep,9.0,753.0,doações e vendas
1717,2021.0,Sep,10.0,620.0,doações e vendas
1718,2021.0,Sep,10.0,389.9,empréstimos e aplicações
1719,2021.0,Sep,13.0,394.89,doações e vendas
1720,2021.0,Sep,14.0,60.0,doações e vendas
1721,2021.0,Sep,14.0,543.41,empréstimos e aplicações
1722,2021.0,Sep,15.0,100.0,doações e vendas
1723,2021.0,Sep,16.0,280.0,doações e vendas
1724,2021.0,Sep,17.0,615.0,doações e vendas
1725,2021.0,Sep,20.0,630.0,doações e vendas
1726,2021.0,Sep,20.0,19.87,empréstimos e aplicações
1727,2021.0,Sep,21.0,300.0,doações e vendas
1728,2021.0,Sep,21.0,296.34,empréstimos e aplicações
1729,2021.0,Sep,22.0,90.0,doações e vendas
1730,2021.0,Sep,23.0,61.25,empréstimos e aplicações
1731,2021.0,Sep,24.0,300.0,doações e vendas
1732,2021.0,Sep,24.0,1.37,empréstimos e aplicações
1733,2021.0,Sep,27.0,590.0,doações e vendas
1734,2021.0,Sep,28.0,100.0,doações e vendas
1735,2021.0,Sep,28.0,177.0,empréstimos e aplicações
1736,2021.0,Sep,29.0,250.0,doações e vendas
1737,2021.0,Sep,29.0,3.34,empréstimos e aplicações
1738,2021.0,Sep,30.0,620.0,doações e vendas
1739,2021.0,Oct,1.0,1241.76,doações e vendas
1740,2021.0,Oct,1.0,263.04,empréstimos e aplicações
1741,2021.0,Oct,4.0,1922.5,doações e vendas
1742,2021.0,Oct,4.0,106.08,empréstimos e aplicações
1743,2021.0,Oct,5.0,600.0,doações e vendas
1744,2021.0,Oct,5.0,30.14,empréstimos e aplicações
1745,2021.0,Oct,6.0,460.0,doações e vendas
1746,2021.0,Oct,7.0,3368.0,doações e vendas
1747,2021.0,Oct,8.0,1081.0,doações e vendas
1748,2021.0,Oct,11.0,511.0,doações e vendas
1749,2021.0,Oct,11.0,791.9,empréstimos e aplicações
1750,2021.0,Oct,13.0,1285.0,doações e vendas
1751,2021.0,Oct,14.0,384.0,doações e vendas
1752,2021.0,Oct,14.0,624.11,empréstimos e aplicações
1753,2021.0,Oct,15.0,744.0,doações e vendas
1754,2021.0,Oct,15.0,2680.27,empréstimos e aplicações
1755,2021.0,Oct,18.0,200.0,doações e vendas
1756,2021.0,Oct,18.0,162.23,empréstimos e aplicações
1757,2021.0,Oct,19.0,160.0,doações e vendas
1758,2021.0,Oct,19.0,3.51,empréstimos e aplicações
1759,2021.0,Oct,20.0,300.0,doações e vendas
1760,2021.0,Oct,21.0,1430.0,doações e vendas
1761,2021.0,Oct,22.0,430.0,doações e vendas
1762,2021.0,Oct,22.0,85.45,empréstimos e aplicações
1763,2021.0,Oct,25.0,690.0,doações e vendas
1764,2021.0,Oct,26.0,200.0,doações e vendas
1765,2021.0,Oct,26.0,218.9,empréstimos e aplicações
1766,2021.0,Oct,27.0,380.0,doações e vendas
1767,2021.0,Oct,27.0,1190.03,empréstimos e aplicações
1768,2021.0,Oct,28.0,745.0,doações e vendas
1769,2021.0,Oct,29.0,60.0,doações e vendas
1770,2021.0,Oct,29.0,40.0,empréstimos e aplicações
1771,2021.0,Nov,1.0,3993.24,doações e vendas
1772,2021.0,Nov,3.0,987.0,doações e vendas
1773,2021.0,Nov,3.0,488.53,empréstimos e aplicações
1774,2021.0,Nov,4.0,671.5,doações e vendas
1775,2021.0,Nov,5.0,775.0,doações e vendas
1776,2021.0,Nov,5.0,251.88,empréstimos e aplicações
1777,2021.0,Nov,8.0,575.0,doações e vendas
1778,2021.0,Nov,9.0,339.0,doações e vendas
1779,2021.0,Nov,9.0,61.0,empréstimos e aplicações
1780,2021.0,Nov,10.0,1392.06,doações e vendas
1781,2021.0,Nov,11.0,250.0,doações e vendas
1782,2021.0,Nov,11.0,457.82,empréstimos e aplicações
1783,2021.0,Nov,12.0,424.0,doações e vendas
1784,2021.0,Nov,16.0,527.0,doações e vendas
1785,2021.0,Nov,17.0,2383.66,doações e vendas
1786,2021.0,Nov,18.0,650.0,doações e vendas
1787,2021.0,Nov,18.0,2098.49,empréstimos e aplicações
1788,2021.0,Nov,19.0,110.0,doações e vendas
1789,2021.0,Nov,22.0,380.0,doações e vendas
1790,2021.0,Nov,22.0,39.27,empréstimos e aplicações
1791,2021.0,Nov,23.0,241.93,doações e vendas
1792,2021.0,Nov,24.0,401.0,doações e vendas
1793,2021.0,Nov,24.0,226.68,empréstimos e aplicações
1794,2021.0,Nov,25.0,938.33,doações e vendas
1795,2021.0,Nov,25.0,79.2,empréstimos e aplicações
1796,2021.0,Nov,26.0,597.0,doações e vendas
1797,2021.0,Nov,29.0,1243.0,doações e vendas
1798,2021.0,Nov,30.0,363.0,doações e vendas
1799,2021.0,Nov,30.0,95.12,empréstimos e aplicações
1800,2021.0,Dec,1.0,690.0,doações e vendas
1801,2021.0,Dec,1.0,1300.54,empréstimos e aplicações
1802,2021.0,Dec,2.0,992.16,doações e vendas
1803,2021.0,Dec,3.0,492.0,doações e vendas
1804,2021.0,Dec,3.0,241.02,empréstimos e aplicações
1805,2021.0,Dec,6.0,1156.5,doações e vendas
1806,2021.0,Dec,7.0,125.0,doações e vendas
1807,2021.0,Dec,8.0,130.0,doações e vendas
1808,2021.0,Dec,8.0,850.0,empréstimos e aplicações
1809,2021.0,Dec,9.0,105.0,doações e vendas
1810,2021.0,Dec,10.0,260.0,doações e vendas
1811,2021.0,Dec,10.0,664.54,empréstimos e aplicações
1812,2021.0,Dec,13.0,455.0,doações e vendas
1813,2021.0,Dec,14.0,30.0,doações e vendas
1814,2021.0,Dec,14.0,342.97,empréstimos e aplicações
1815,2021.0,Dec,15.0,1.87,empréstimos e aplicações
1816,2021.0,Dec,16.0,905.0,doações e vendas
1817,2021.0,Dec,17.0,614.58,doações e vendas
1818,2021.0,Dec,20.0,1913.0,doações e vendas
1819,2021.0,Dec,21.0,70.0,doações e vendas
1820,2021.0,Dec,21.0,265.34,empréstimos e aplicações
1821,2021.0,Dec,22.0,1270.0,doações e vendas
1822,2021.0,Dec,23.0,10.0,doações e vendas
1823,2021.0,Dec,23.0,999.9,empréstimos e aplicações
1824,2021.0,Dec,24.0,600.0,doações e vendas
1825,2021.0,Dec,27.0,840.0,doações e vendas
1826,2021.0,Dec,27.0,238.68,empréstimos e aplicações
1827,2021.0,Dec,28.0,20.0,doações e vendas
1828,2021.0,Dec,28.0,384.2,empréstimos e aplicações
1829,2021.0,Dec,29.0,408.77,doações e vendas
1830,2021.0,Dec,30.0,150.0,doações e vendas
1831,2021.0,Dec,31.0,70.0,doações e vendas
1832,2022.0,Jan,3.0,470.0,doações e vendas
1833,2022.0,Jan,3.0,5.75,empréstimos e aplicações
1834,2022.0,Jan,4.0,1100.45,doações e vendas
1835,2022.0,Jan,5.0,195.0,doações e vendas
1836,2022.0,Jan,5.0,65.0,empréstimos e aplicações
1837,2022.0,Jan,6.0,227.0,doações e vendas
1838,2022.0,Jan,6.0,773.0,empréstimos e aplicações
1839,2022.0,Jan,7.0,764.0,doações e vendas
1840,2022.0,Jan,10.0,700.0,doações e vendas
1841,2022.0,Jan,10.0,639.82,empréstimos e aplicações
1842,2022.0,Jan,11.0,390.0,doações e vendas
1843,2022.0,Jan,11.0,24.38,empréstimos e aplicações
1844,2022.0,Jan,12.0,76.5,doações e vendas
1845,2022.0,Jan,12.0,45.84,empréstimos e aplicações
1846,2022.0,Jan,13.0,398.0,doações e vendas
1847,2022.0,Jan,14.0,2032.0,doações e vendas
1848,2022.0,Jan,17.0,320.0,doações e vendas
1849,2022.0,Jan,17.0,264.95,empréstimos e aplicações
1850,2022.0,Jan,18.0,231.22,doações e vendas
1851,2022.0,Jan,18.0,244.78,empréstimos e aplicações
1852,2022.0,Jan,19.0,610.28,doações e vendas
1853,2022.0,Jan,19.0,49.22,empréstimos e aplicações
1854,2022.0,Jan,20.0,789.14,doações e vendas
1855,2022.0,Jan,21.0,1040.03,doações e vendas
1856,2022.0,Jan,24.0,550.0,doações e vendas
1857,2022.0,Jan,24.0,363.99,empréstimos e aplicações
1858,2022.0,Jan,25.0,810.0,doações e vendas
1859,2022.0,Jan,26.0,230.0,doações e vendas
1860,2022.0,Jan,26.0,311.11,empréstimos e aplicações
1861,2022.0,Jan,27.0,580.0,doações e vendas
1862,2022.0,Jan,28.0,962.0,doações e vendas
1863,2022.0,Jan,31.0,305.8,doações e vendas
1864,2022.0,Jan,31.0,280.41,empréstimos e aplicações
1865,2022.0,Feb,1.0,1186.01,doações e vendas
1866,2022.0,Feb,2.0,481.5,doações e vendas
1867,2022.0,Feb,3.0,1362.0,doações e vendas
1868,2022.0,Feb,3.0,425.21,empréstimos e aplicações
1869,2022.0,Feb,4.0,953.95,doações e vendas
1870,2022.0,Feb,4.0,299.25,empréstimos e aplicações
1871,2022.0,Feb,7.0,3087.0,doações e vendas
1872,2022.0,Feb,8.0,1360.0,doações e vendas
1873,2022.0,Feb,8.0,1091.69,empréstimos e aplicações
1874,2022.0,Feb,9.0,315.0,doações e vendas
1875,2022.0,Feb,10.0,130.0,doações e vendas
1876,2022.0,Feb,10.0,49.96,empréstimos e aplicações
1877,2022.0,Feb,11.0,2138.0,doações e vendas
1878,2022.0,Feb,14.0,515.0,doações e vendas
1879,2022.0,Feb,14.0,520.59,empréstimos e aplicações
1880,2022.0,Feb,15.0,290.0,doações e vendas
1881,2022.0,Feb,15.0,332.36,empréstimos e aplicações
1882,2022.0,Feb,16.0,1360.0,doações e vendas
1883,2022.0,Feb,16.0,3.44,empréstimos e aplicações
1884,2022.0,Feb,17.0,9.0,doações e vendas
1885,2022.0,Feb,17.0,1117.88,empréstimos e aplicações
1886,2022.0,Feb,18.0,414.0,doações e vendas
1887,2022.0,Feb,21.0,1848.0,doações e vendas
1888,2022.0,Feb,22.0,280.0,doações e vendas
1889,2022.0,Feb,23.0,300.0,doações e vendas
1890,2022.0,Feb,23.0,31.51,empréstimos e aplicações
1891,2022.0,Feb,24.0,250.0,doações e vendas
1892,2022.0,Feb,24.0,11.98,empréstimos e aplicações
1893,2022.0,Feb,25.0,693.0,doações e vendas
1894,2022.0,Feb,25.0,0.17,empréstimos e aplicações
1895,2022.0,Mar,2.0,2210.0,doações e vendas
1896,2022.0,Mar,2.0,202.9,empréstimos e aplicações
1897,2022.0,Mar,3.0,175.0,doações e vendas
1898,2022.0,Mar,3.0,181.27,empréstimos e aplicações
1899,2022.0,Mar,4.0,1566.5,doações e vendas
1900,2022.0,Mar,7.0,526.0,doações e vendas
1901,2022.0,Mar,8.0,50.0,doações e vendas
1902,2022.0,Mar,9.0,245.0,doações e vendas
1903,2022.0,Mar,10.0,500.0,doações e vendas
1904,2022.0,Mar,11.0,315.0,doações e vendas
1905,2022.0,Mar,14.0,310.0,doações e vendas
1906,2022.0,Mar,14.0,1438.43,empréstimos e aplicações
1907,2022.0,Mar,15.0,335.0,doações e vendas
1908,2022.0,Mar,14.0,136.67,empréstimos e aplicações
1909,2022.0,Mar,16.0,240.0,doações e vendas
1910,2022.0,Mar,17.0,135.0,doações e vendas
1911,2022.0,Mar,17.0,248.23,empréstimos e aplicações
1912,2022.0,Mar,18.0,635.0,doações e vendas
1913,2022.0,Mar,21.0,1618.05,doações e vendas
1914,2022.0,Mar,22.0,345.0,doações e vendas
1915,2022.0,Mar,22.0,473.13,empréstimos e aplicações
1916,2022.0,Mar,23.0,336.0,doações e vendas
1917,2022.0,Mar,24.0,870.0,doações e vendas
1918,2022.0,Mar,25.0,690.0,doações e vendas
1919,2022.0,Mar,25.0,429.5,empréstimos e aplicações
1920,2022.0,Mar,28.0,464.0,doações e vendas
1921,2022.0,Mar,29.0,25.0,doações e vendas
1922,2022.0,Mar,29.0,76.0,empréstimos e aplicações
1923,2022.0,Mar,30.0,740.0,doações e vendas
1924,2022.0,Mar,31.0,650.0,doações e vendas
1925,2022.0,Mar,31.0,333.92,empréstimos e aplicações
1926,2022.0,Apr,1.0,725.57,doações e vendas
1927,2022.0,Apr,4.0,500.0,doações e vendas
1928,2022.0,Apr,5.0,296.0,doações e vendas
1929,2022.0,Apr,6.0,1080.0,doações e vendas
1930,2022.0,Apr,6.0,57.59,empréstimos e aplicações
1931,2022.0,Apr,7.0,131.07,doações e vendas
1932,2022.0,Apr,8.0,230.0,doações e vendas
1933,2022.0,Apr,8.0,98.93,empréstimos e aplicações
1934,2022.0,Apr,11.0,385.0,doações e vendas
1935,2022.0,Apr,12.0,240.0,doações e vendas
1936,2022.0,Apr,13.0,500.0,doações e vendas
1937,2022.0,Apr,14.0,110.0,doações e vendas
1938,2022.0,Apr,14.0,91.98,empréstimos e aplicações
1939,2022.0,Apr,18.0,2662.55,doações e vendas
1940,2022.0,Apr,19.0,255.0,doações e vendas
1941,2022.0,Apr,20.0,357.74,doações e vendas
1942,2022.0,Apr,20.0,242.21,empréstimos e aplicações
1943,2022.0,Apr,22.0,1386.01,doações e vendas
1944,2022.0,Apr,25.0,845.0,doações e vendas
1945,2022.0,Apr,26.0,255.0,doações e vendas
1946,2022.0,Apr,26.0,545.0,empréstimos e aplicações
1947,2022.0,Apr,27.0,200.0,doações e vendas
1948,2022.0,Apr,27.0,105.8,empréstimos e aplicações
1949,2022.0,Apr,28.0,235.0,doações e vendas
1950,2022.0,Apr,28.0,95.0,empréstimos e aplicações
1951,2022.0,Apr,29.0,875.0,doações e vendas
1952,2022.0,May,2.0,790.0,doações e vendas
1953,2022.0,May,2.0,343.14,empréstimos e aplicações
1954,2022.0,May,3.0,280.0,doações e vendas
1955,2022.0,May,3.0,163.9,empréstimos e aplicações
1956,2022.0,May,4.0,667.0,doações e vendas
1957,2022.0,May,5.0,609.6,doações e vendas
1958,2022.0,May,6.0,365.0,doações e vendas
1959,2022.0,May,6.0,794.75,empréstimos e aplicações
1960,2022.0,May,9.0,190.0,doações e vendas
1961,2022.0,May,9.0,55.0,empréstimos e aplicações
1962,2022.0,May,10.0,900.0,doações e vendas
1963,2022.0,May,11.0,95.0,doações e vendas
1964,2022.0,May,11.0,77.65,empréstimos e aplicações
1965,2022.0,May,12.0,410.0,doações e vendas
1966,2022.0,May,12.0,60.0,empréstimos e aplicações
1967,2022.0,May,13.0,590.0,doações e vendas
1968,2022.0,May,16.0,1187.55,doações e vendas
1969,2022.0,May,16.0,34.13,empréstimos e aplicações
1970,2022.0,May,17.0,570.0,doações e vendas
1971,2022.0,May,18.0,22.95,doações e vendas
1972,2022.0,May,19.0,10.0,doações e vendas
1973,2022.0,May,19.0,40.0,empréstimos e aplicações
1974,2022.0,May,20.0,530.0,doações e vendas
1975,2022.0,May,23.0,689.78,doações e vendas
1976,2022.0,May,24.0,360.0,doações e vendas
1977,2022.0,May,24.0,166.35,empréstimos e aplicações
1978,2022.0,May,25.0,240.0,doações e vendas
1979,2022.0,May,25.0,79.0,empréstimos e aplicações
1980,2022.0,May,26.0,709.0,doações e vendas
1981,2022.0,May,27.0,980.0,doações e vendas
1982,2022.0,May,27.0,339.9,empréstimos e aplicações
1983,2022.0,May,30.0,570.0,doações e vendas
1984,2022.0,May,30.0,158.12,empréstimos e aplicações
1985,2022.0,May,31.0,1080.0,doações e vendas
1986,2022.0,Jun,1.0,616.0,doações e vendas
1987,2022.0,Jun,2.0,40.0,doações e vendas
1988,2022.0,Jun,3.0,579.0,doações e vendas
1989,2022.0,Jun,3.0,965.22,empréstimos e aplicações
1990,2022.0,Jun,6.0,765.0,doações e vendas
1991,2022.0,Jun,6.0,0.01,empréstimos e aplicações
1992,2022.0,Jun,7.0,423.9,empréstimos e aplicações
1993,2022.0,Jun,8.0,72.78,doações e vendas
1994,2022.0,Jun,8.0,179.72,empréstimos e aplicações
1995,2022.0,Jun,9.0,1040.0,doações e vendas
1996,2022.0,Jun,10.0,1515.0,doações e vendas
1997,2022.0,Jun,10.0,268.74,empréstimos e aplicações
1998,2022.0,Jun,13.0,956.0,doações e vendas
1999,2022.0,Jun,14.0,205.0,doações e vendas
2000,2022.0,Jun,15.0,782.5,doações e vendas
2001,2022.0,Jun,15.0,138.97,empréstimos e aplicações
2002,2022.0,Jun,17.0,950.0,doações e vendas
2003,2022.0,Jun,20.0,1720.4,doações e vendas
2004,2022.0,Jun,20.0,192.41,empréstimos e aplicações
2005,2022.0,Jun,21.0,570.0,doações e vendas
2006,2022.0,Jun,22.0,89.0,doações e vendas
2007,2022.0,Jun,22.0,83.48,empréstimos e aplicações
2008,2022.0,Jun,23.0,265.85,doações e vendas
2009,2022.0,Jun,24.0,750.0,doações e vendas
2010,2022.0,Jun,27.0,975.0,doações e vendas
2011,2022.0,Jun,27.0,47.56,empréstimos e aplicações
2012,2022.0,Jun,28.0,520.0,doações e vendas
2013,2022.0,Jun,29.0,549.85,doações e vendas
2014,2022.0,Jun,29.0,482.99,empréstimos e aplicações
2015,2022.0,Jun,30.0,330.0,doações e vendas
2016,2022.0,Jun,30.0,65.99,empréstimos e aplicações
2017,2022.0,Jul,1.0,440.0,doações e vendas
2018,2022.0,Jul,4.0,684.0,doações e vendas
2019,2022.0,Jul,4.0,39.49,empréstimos e aplicações
2020,2022.0,Jul,5.0,1161.0,doações e vendas
2021,2022.0,Jul,5.0,50.9,empréstimos e aplicações
2022,2022.0,Jul,6.0,185.45,doações e vendas
2023,2022.0,Jul,6.0,30.55,empréstimos e aplicações
2024,2022.0,Jul,7.0,1348.75,doações e vendas
2025,2022.0,Jul,8.0,250.0,doações e vendas
2026,2022.0,Jul,11.0,693.06,doações e vendas
2027,2022.0,Jul,11.0,391.18,empréstimos e aplicações
2028,2022.0,Jul,12.0,552.0,doações e vendas
2029,2022.0,Jul,12.0,51.32,empréstimos e aplicações
2030,2022.0,Jul,13.0,343.0,doações e vendas
2031,2022.0,Jul,14.0,393.33,doações e vendas
2032,2022.0,Jul,15.0,1737.48,doações e vendas
2033,2022.0,Jul,15.0,127.25,empréstimos e aplicações
2034,2022.0,Jul,18.0,678.57,doações e vendas
2035,2022.0,Jul,19.0,234.0,doações e vendas
2036,2022.0,Jul,19.0,171.97,empréstimos e aplicações
2037,2022.0,Jul,20.0,351.14,doações e vendas
2038,2022.0,Jul,20.0,46.34,empréstimos e aplicações
2039,2022.0,Jul,21.0,1600.0,doações e vendas
2040,2022.0,Jul,22.0,400.0,doações e vendas
2041,2022.0,Jul,22.0,38.98,empréstimos e aplicações
2042,2022.0,Jul,25.0,1920.0,doações e vendas
2043,2022.0,Jul,22.0,446.52,empréstimos e aplicações
2044,2022.0,Jul,26.0,100.0,doações e vendas
2045,2022.0,Jul,26.0,0.01,empréstimos e aplicações
2046,2022.0,Jul,27.0,450.0,doações e vendas
2047,2022.0,Jul,28.0,240.0,doações e vendas
2048,2022.0,Jul,29.0,443.0,doações e vendas
2049,2022.0,Jul,29.0,264.76,empréstimos e aplicações
2050,2022.0,Aug,1.0,1337.0,doações e vendas
2051,2022.0,Aug,2.0,250.0,doações e vendas
2052,2022.0,Aug,3.0,435.0,doações e vendas
2053,2022.0,Aug,3.0,115.25,empréstimos e aplicações
2054,2022.0,Aug,4.0,2813.0,doações e vendas
2055,2022.0,Aug,5.0,610.0,doações e vendas
2056,2022.0,Aug,5.0,885.78,empréstimos e aplicações
2057,2022.0,Aug,8.0,420.0,doações e vendas
2058,2022.0,Aug,8.0,81.47,empréstimos e aplicações
2059,2022.0,Aug,9.0,150.0,doações e vendas
2060,2022.0,Aug,10.0,435.0,doações e vendas
2061,2022.0,Aug,11.0,305.0,doações e vendas
2062,2022.0,Aug,12.0,1168.0,doações e vendas
2063,2022.0,Aug,12.0,417.48,empréstimos e aplicações
2064,2022.0,Aug,15.0,70.99,doações e vendas
2065,2022.0,Aug,15.0,21.81,empréstimos e aplicações
2066,2022.0,Aug,16.0,130.0,doações e vendas
2067,2022.0,Aug,17.0,200.0,doações e vendas
2068,2022.0,Aug,18.0,395.0,doações e vendas
2069,2022.0,Aug,18.0,202.9,empréstimos e aplicações
2070,2022.0,Aug,19.0,368.0,doações e vendas
2071,2022.0,Aug,19.0,19.95,empréstimos e aplicações
2072,2022.0,Aug,22.0,1357.99,doações e vendas
2073,2022.0,Aug,23.0,280.0,doações e vendas
2074,2022.0,Aug,23.0,108.97,empréstimos e aplicações
2075,2022.0,Aug,24.0,550.0,doações e vendas
2076,2022.0,Aug,24.0,123.48,empréstimos e aplicações
2077,2022.0,Aug,25.0,785.0,doações e vendas
2078,2022.0,Aug,26.0,571.0,doações e vendas
2079,2022.0,Aug,26.0,615.33,empréstimos e aplicações
2080,2022.0,Aug,29.0,734.0,doações e vendas
2081,2022.0,Aug,29.0,123.28,empréstimos e aplicações
2082,2022.0,Aug,30.0,1127.75,doações e vendas
2083,2022.0,Aug,31.0,220.0,doações e vendas
2084,2022.0,Sep,1.0,470.0,doações e vendas
2085,2022.0,Sep,2.0,450.0,doações e vendas
2086,2022.0,Sep,2.0,375.99,empréstimos e aplicações
2087,2022.0,Sep,5.0,999.0,doações e vendas
2088,2022.0,Sep,5.0,56.29,doações e vendas
2089,2022.0,Sep,6.0,90.0,doações e vendas
2090,2022.0,Sep,8.0,270.0,doações e vendas
2091,2022.0,Sep,9.0,2453.0,doações e vendas
2092,2022.0,Sep,9.0,138.92,empréstimos e aplicações
2093,2022.0,Sep,12.0,732.0,doações e vendas
2094,2022.0,Sep,12.0,24.37,empréstimos e aplicações
2095,2022.0,Sep,13.0,165.0,doações e vendas
2096,2022.0,Sep,14.0,20974.0,doações e vendas
2097,2022.0,Sep,15.0,432.3,doações e vendas
2098,2022.0,Sep,15.0,19578.7,empréstimos e aplicações
2099,2022.0,Sep,16.0,525.0,doações e vendas
2100,2022.0,Sep,16.0,0.01,empréstimos e aplicações
2101,2022.0,Sep,16.0,358.4,empréstimos e aplicações
2102,2022.0,Sep,19.0,1091.0,doações e vendas
2103,2022.0,Sep,19.0,79.31,empréstimos e aplicações
2104,2022.0,Sep,20.0,903.0,doações e vendas
2105,2022.0,Sep,21.0,165.0,doações e vendas
2106,2022.0,Sep,21.0,36.98,empréstimos e aplicações
2107,2022.0,Sep,22.0,101.38,doações e vendas
2108,2022.0,Sep,22.0,29.62,empréstimos e aplicações
2109,2022.0,Sep,23.0,105.0,doações e vendas
2110,2022.0,Sep,23.0,93.43,empréstimos e aplicações
2111,2022.0,Sep,26.0,2041.0,doações e vendas
2112,2022.0,Sep,27.0,683.0,doações e vendas
2113,2022.0,Sep,28.0,41.08,doações e vendas
2114,2022.0,Sep,28.0,549.11,empréstimos e aplicações
2115,2022.0,Sep,29.0,100.0,doações e vendas
2116,2022.0,Sep,29.0,0.01,empréstimos e aplicações
2117,2022.0,Sep,30.0,255.0,doações e vendas
2118,2022.0,Oct,3.0,582.5,doações e vendas
2119,2022.0,Oct,3.0,67.5,empréstimos e aplicações
2120,2022.0,Oct,4.0,736.0,doações e vendas
2121,2022.0,Oct,5.0,624.0,doações e vendas
2122,2022.0,Oct,5.0,56.55,empréstimos e aplicações
2123,2022.0,Oct,6.0,500.0,doações e vendas
2124,2022.0,Oct,7.0,905.0,doações e vendas
2125,2022.0,Oct,10.0,250.0,doações e vendas
2126,2022.0,Oct,10.0,152.97,empréstimos e aplicações
2127,2022.0,Oct,11.0,100.0,doações e vendas
2128,2022.0,Oct,11.0,202.47,empréstimos e aplicações
2129,2022.0,Oct,13.0,863.01,doações e vendas
2130,2022.0,Oct,14.0,770.0,doações e vendas
2131,2022.0,Oct,14.0,391.5,empréstimos e aplicações
2132,2022.0,Oct,17.0,1150.01,doações e vendas
2133,2022.0,Oct,18.0,514.45,empréstimos e aplicações
2134,2022.0,Oct,19.0,80.0,doações e vendas
2135,2022.0,Oct,18.0,0.02,empréstimos e aplicações
2136,2022.0,Oct,20.0,1219.0,doações e vendas
2137,2022.0,Oct,21.0,399.0,doações e vendas
2138,2022.0,Oct,24.0,1123.11,doações e vendas
2139,2022.0,Oct,25.0,312.23,doações e vendas
2140,2022.0,Oct,26.0,860.03,doações e vendas
2141,2022.0,Oct,26.0,145.84,empréstimos e aplicações
2142,2022.0,Oct,27.0,230.0,doações e vendas
2143,2022.0,Oct,26.0,0.01,doações e vendas
2144,2022.0,Oct,27.0,100.89,doações e vendas
2145,2022.0,Oct,28.0,350.0,doações e vendas
2146,2022.0,Oct,31.0,560.0,doações e vendas
2147,2022.0,Nov,1.0,510.0,doações e vendas
2148,2022.0,Nov,3.0,1130.0,doações e vendas
2149,2022.0,Nov,3.0,180.0,empréstimos e aplicações
2150,2022.0,Nov,4.0,290.0,doações e vendas
2151,2022.0,Nov,7.0,1678.82,doações e vendas
2152,2022.0,Nov,8.0,1110.0,doações e vendas
2153,2022.0,Nov,8.0,250.9,empréstimos e aplicações
2154,2022.0,Nov,9.0,501.0,doações e vendas
2155,2022.0,Nov,10.0,90.0,doações e vendas
2156,2022.0,Nov,10.0,152.0,empréstimos e aplicações
2157,2022.0,Nov,11.0,325.0,doações e vendas
2158,2022.0,Nov,11.0,95.58,empréstimos e aplicações
2159,2022.0,Nov,14.0,240.0,doações e vendas
2160,2022.0,Nov,16.0,755.0,doações e vendas
2161,2022.0,Nov,16.0,6.32,empréstimos e aplicações
2162,2022.0,Nov,17.0,129.3,doações e vendas
2163,2022.0,Nov,18.0,1115.44,doações e vendas
2164,2022.0,Nov,21.0,992.0,doações e vendas
2165,2022.0,Nov,22.0,288.0,doações e vendas
2166,2022.0,Nov,22.0,163.95,empréstimos e aplicações
2167,2022.0,Nov,23.0,280.0,doações e vendas
2168,2022.0,Nov,23.0,20.0,empréstimos e aplicações
2169,2022.0,Nov,24.0,829.0,doações e vendas
2170,2022.0,Nov,25.0,715.0,doações e vendas
2171,2022.0,Nov,28.0,310.0,doações e vendas
2172,2022.0,Nov,28.0,144.25,empréstimos e aplicações
2173,2022.0,Nov,29.0,260.0,doações e vendas
2174,2022.0,Nov,30.0,30.0,doações e vendas
2175,2022.0,Nov,30.0,261.3,empréstimos e aplicações
